itemdate,rate,trialdate,case_length,length_bucket,mattertype,suittype,courttype,team_lead,attorney,plaintiff,judge,state,county,mattername,firmname,tklevel,fullname,phase,opposing_council,assigned_council,invoiceid,itemnumber,netamount,opendate,closedate,rate_bucket,status,AnomalyCount,anom_desc
1/6/2016,175,,186,181-365,Litigation Section,Breach of Contract,State,teamlead,Tim Sull,Plaintiff,Judge 1,TX,Webb,Sergio v. Ronaldo,Firm-1,Partner,Timekeeper-1,L110,Tim Harden,Timekeeper-1,1,1,52.5,1/2/2015,7/7/2015,151-200,Closed,,
1/6/2016,175,,186,181-365,Litigation Section,Breach of Contract,State,teamlead,Tim Sull,Plaintiff,Judge 2,TX,Webb,Sergio v. Ronaldo,Firm-1,Partner,Timekeeper-1,L110,Tim Harden,Timekeeper-1,1,2,17.5,1/2/2015,7/7/2015,151-200,Closed,,
1/6/2016,175,,186,181-365,Litigation Section,Breach of Contract,State,teamlead,Tim Sull,Plaintiff,Judge 3,TX,Webb,Sergio v. Ronaldo,Firm-1,Partner,Timekeeper-1,L110,Tim Harden,Timekeeper-1,1,3,17.5,1/2/2015,7/7/2015,151-200,Closed,,
1/6/2016,175,,186,181-365,Litigation Section,Breach of Contract,State,teamlead,Tim Sull,Plaintiff,Judge 4,TX,Webb,Sergio v. Ronaldo,Firm-1,Partner,Timekeeper-1,L120,Tim Harden,Timekeeper-1,1,6,17.5,1/2/2015,7/7/2015,151-200,Closed,,
1/6/2016,175,,186,181-365,Litigation Section,Breach of Contract,State,teamlead,Tim Sull,Plaintiff,Judge 5,TX,Webb,Sergio v. Ronaldo,Firm-1,Partner,Timekeeper-1,L210,Tim Harden,Timekeeper-1,1,4,175,1/2/2015,7/7/2015,151-200,Closed,,
1/6/2016,175,,186,181-365,Litigation Section,Breach of Contract,State,teamlead,Tim Sull,Plaintiff,Judge 6,TX,Webb,Sergio v. Ronaldo,Firm-1,Partner,Timekeeper-1,L210,Tim Harden,Timekeeper-1,1,5,52.5,1/2/2015,7/7/2015,151-200,Closed,,
1/7/2016,175,,186,181-365,Litigation Section,Breach of Contract,State,teamlead,Tim Sull,Plaintiff,Judge 7,TX,Webb,Sergio v. Ronaldo,Firm-1,Partner,Timekeeper-1,L110,Tim Harden,Timekeeper-1,1,8,35,1/2/2015,7/7/2015,151-200,Closed,,
1/7/2016,175,,186,181-365,Litigation Section,Breach of Contract,State,teamlead,Tim Sull,Plaintiff,Judge 8,TX,Webb,Sergio v. Ronaldo,Firm-1,Partner,Timekeeper-1,L310,Tim Harden,Timekeeper-1,1,7,17.5,1/2/2015,7/7/2015,151-200,Closed,,
1/8/2016,175,,186,181-365,Litigation Section,Breach of Contract,State,teamlead,Tim Sull,Plaintiff,Judge 9,TX,Webb,Sergio v. Ronaldo,Firm-1,Partner,Timekeeper-1,L110,Tim Harden,Timekeeper-1,1,9,52.5,1/2/2015,7/7/2015,151-200,Closed,,
1/10/2016,175,,186,181-365,Litigation Section,Breach of Contract,State,teamlead,Tim Sull,Plaintiff,Judge 10,TX,Webb,Sergio v. Ronaldo,Firm-1,Partner,Timekeeper-1,L110,Tim Harden,Timekeeper-1,1,10,17.5,1/2/2015,7/7/2015,151-200,Closed,,
1/12/2016,175,,186,181-365,Litigation Section,Breach of Contract,State,teamlead,Tim Sull,Plaintiff,Judge 11,TX,Webb,Sergio v. Ronaldo,Firm-1,Partner,Timekeeper-1,L110,Tim Harden,Timekeeper-1,1,11,315,1/2/2015,7/7/2015,151-200,Closed,,
1/12/2016,175,,186,181-365,Litigation Section,Breach of Contract,State,teamlead,Tim Sull,Plaintiff,Judge 12,TX,Webb,Sergio v. Ronaldo,Firm-1,Partner,Timekeeper-1,L110,Tim Harden,Timekeeper-1,1,12,105,1/2/2015,7/7/2015,151-200,Closed,,
1/12/2016,175,,186,181-365,Litigation Section,Breach of Contract,State,teamlead,Tim Sull,Plaintiff,Judge 13,TX,Webb,Sergio v. Ronaldo,Firm-1,Partner,Timekeeper-1,L110,Tim Harden,Timekeeper-1,1,13,52.5,1/2/2015,7/7/2015,151-200,Closed,,
1/12/2016,175,,186,181-365,Litigation Section,Breach of Contract,State,teamlead,Tim Sull,Plaintiff,Judge 14,TX,Webb,Sergio v. Ronaldo,Firm-1,Partner,Timekeeper-1,L110,Tim Harden,Timekeeper-1,1,14,210,1/2/2015,7/7/2015,151-200,Closed,,
1/12/2016,175,,186,181-365,Litigation Section,Breach of Contract,State,teamlead,Tim Sull,Plaintiff,Judge 15,TX,Webb,Sergio v. Ronaldo,Firm-1,Partner,Timekeeper-1,L210,Tim Harden,Timekeeper-1,1,15,35,1/2/2015,7/7/2015,151-200,Closed,,
1/20/2016,175,,186,181-365,Litigation Section,Breach of Contract,State,teamlead,Tim Sull,Plaintiff,Judge 16,TX,Webb,Sergio v. Ronaldo,Firm-1,Partner,Timekeeper-1,L230,Tim Harden,Timekeeper-1,1,16,35,1/2/2015,7/7/2015,151-200,Closed,,
1/22/2016,175,,186,181-365,Litigation Section,Breach of Contract,State,teamlead,Tim Sull,Plaintiff,Judge 17,TX,Webb,Sergio v. Ronaldo,Firm-1,Partner,Timekeeper-1,L120,Tim Harden,Timekeeper-1,1,17,35,1/2/2015,7/7/2015,151-200,Closed,,
1/23/2016,175,,186,181-365,Litigation Section,Breach of Contract,State,teamlead,Tim Sull,Plaintiff,Judge 18,TX,Webb,Sergio v. Ronaldo,Firm-1,Partner,Timekeeper-1,L120,Tim Harden,Timekeeper-1,1,18,70,1/2/2015,7/7/2015,151-200,Closed,,
1/23/2016,175,,186,181-365,Litigation Section,Breach of Contract,State,teamlead,Tim Sull,Plaintiff,Judge 19,TX,Webb,Sergio v. Ronaldo,Firm-1,Partner,Timekeeper-1,L120,Tim Harden,Timekeeper-1,1,19,35,1/2/2015,7/7/2015,151-200,Closed,,
1/23/2016,175,,186,181-365,Litigation Section,Breach of Contract,State,teamlead,Tim Sull,Plaintiff,Judge 20,TX,Webb,Sergio v. Ronaldo,Firm-1,Partner,Timekeeper-1,L120,Tim Harden,Timekeeper-1,1,20,35,1/2/2015,7/7/2015,151-200,Closed,,
1/29/2016,175,,186,181-365,Litigation Section,Breach of Contract,State,teamlead,Tim Sull,Plaintiff,Judge 21,TX,Webb,Sergio v. Ronaldo,Firm-1,Partner,Timekeeper-1,L110,Tim Harden,Timekeeper-1,1,21,17.5,1/2/2015,7/7/2015,151-200,Closed,,
2/2/2016,175,,186,181-365,Litigation Section,Breach of Contract,State,teamlead,Tim Sull,Plaintiff,Judge 22,TX,Webb,Sergio v. Ronaldo,Firm-1,Partner,Timekeeper-1,L120,Tim Harden,Timekeeper-1,1,22,52.5,1/2/2015,7/7/2015,151-200,Closed,,
2/3/2016,175,,186,181-365,Litigation Section,Breach of Contract,State,teamlead,Tim Sull,Plaintiff,Judge 23,TX,Webb,Sergio v. Ronaldo,Firm-1,Partner,Timekeeper-1,L110,Tim Harden,Timekeeper-1,1,23,52.5,1/2/2015,7/7/2015,151-200,Closed,,
1/12/2016,,,186,181-365,Litigation Section,Breach of Contract,State,teamlead,Tim Sull,Plaintiff,Judge 24,TX,Webb,Sergio v. Ronaldo,Firm-1,,,,Tim Harden,Timekeeper-1,1,24,32.92,1/2/2015,7/7/2015,,Closed,,
2/5/2016,63,,186,181-365,Litigation Section,Breach of Contract,State,teamlead,Tim Sull,Plaintiff,Judge 25,TX,Webb,Sergio v. Ronaldo,Firm-2,Legal Assistant,Timekeeper-2,L653,Tim Harden,Timekeeper-1,2,1,119.7,1/2/2015,7/7/2015,0-100,Closed,,
2/23/2016,165,,186,181-365,Litigation Section,Breach of Contract,State,teamlead,Tim Sull,Plaintiff,Judge 26,TX,Webb,Sergio v. Ronaldo,Firm-2,Associate,Timekeeper-3,L654,Tim Harden,Timekeeper-1,2,2,99,1/2/2015,7/7/2015,151-200,Closed,,
2/23/2016,175,,186,181-365,Litigation Section,Breach of Contract,State,teamlead,Tim Sull,Plaintiff,Judge 27,TX,Webb,Sergio v. Ronaldo,Firm-1,Partner,Timekeeper-1,L110,Tim Harden,Timekeeper-1,3,1,52.5,1/2/2015,7/7/2015,151-200,Closed,,
2/23/2016,175,,186,181-365,Litigation Section,Breach of Contract,State,teamlead,Tim Sull,Plaintiff,Judge 28,TX,Webb,Sergio v. Ronaldo,Firm-1,Partner,Timekeeper-1,L120,Tim Harden,Timekeeper-1,3,2,87.5,1/2/2015,7/7/2015,151-200,Closed,,
2/23/2016,175,,186,181-365,Litigation Section,Breach of Contract,State,teamlead,Tim Sull,Plaintiff,Judge 29,TX,Webb,Sergio v. Ronaldo,Firm-1,Partner,Timekeeper-1,L120,Tim Harden,Timekeeper-1,3,3,52.5,1/2/2015,7/7/2015,151-200,Closed,,
2/24/2016,175,,186,181-365,Litigation Section,Breach of Contract,State,teamlead,Tim Sull,Plaintiff,Judge 30,TX,Webb,Sergio v. Ronaldo,Firm-1,Partner,Timekeeper-1,L160,Tim Harden,Timekeeper-1,3,4,35,1/2/2015,7/7/2015,151-200,Closed,,
2/24/2016,175,,186,181-365,Litigation Section,Breach of Contract,State,teamlead,Tim Sull,Plaintiff,Judge 31,TX,Webb,Sergio v. Ronaldo,Firm-1,Partner,Timekeeper-1,L160,Tim Harden,Timekeeper-1,3,5,87.5,1/2/2015,7/7/2015,151-200,Closed,,
2/24/2016,175,,186,181-365,Litigation Section,Breach of Contract,State,teamlead,Tim Sull,Plaintiff,Judge 32,TX,Webb,Sergio v. Ronaldo,Firm-1,Partner,Timekeeper-1,L160,Tim Harden,Timekeeper-1,3,6,35,1/2/2015,7/7/2015,151-200,Closed,,
2/24/2016,175,,186,181-365,Litigation Section,Breach of Contract,State,teamlead,Tim Sull,Plaintiff,Judge 33,TX,Webb,Sergio v. Ronaldo,Firm-1,Partner,Timekeeper-1,L160,Tim Harden,Timekeeper-1,3,7,35,1/2/2015,7/7/2015,151-200,Closed,,
2/27/2016,175,,186,181-365,Litigation Section,Breach of Contract,State,teamlead,Tim Sull,Plaintiff,Judge 34,TX,Webb,Sergio v. Ronaldo,Firm-1,Partner,Timekeeper-1,L160,Tim Harden,Timekeeper-1,3,8,17.5,1/2/2015,7/7/2015,151-200,Closed,,
2/27/2016,175,,186,181-365,Litigation Section,Breach of Contract,State,teamlead,Tim Sull,Plaintiff,Judge 35,TX,Webb,Sergio v. Ronaldo,Firm-1,Partner,Timekeeper-1,L160,Tim Harden,Timekeeper-1,3,9,17.5,1/2/2015,7/7/2015,151-200,Closed,,
2/27/2016,175,,186,181-365,Litigation Section,Breach of Contract,State,teamlead,Tim Sull,Plaintiff,Judge 36,TX,Webb,Sergio v. Ronaldo,Firm-1,Partner,Timekeeper-1,L160,Tim Harden,Timekeeper-1,3,10,17.5,1/2/2015,7/7/2015,151-200,Closed,,
2/27/2016,175,,186,181-365,Litigation Section,Breach of Contract,State,teamlead,Tim Sull,Plaintiff,Judge 37,TX,Webb,Sergio v. Ronaldo,Firm-1,Partner,Timekeeper-1,L160,Tim Harden,Timekeeper-1,3,11,17.5,1/2/2015,7/7/2015,151-200,Closed,,
3/1/2016,175,,186,181-365,Litigation Section,Breach of Contract,State,teamlead,Tim Sull,Plaintiff,Judge 38,TX,Webb,Sergio v. Ronaldo,Firm-1,Partner,Timekeeper-1,L160,Tim Harden,Timekeeper-1,3,12,35,1/2/2015,7/7/2015,151-200,Closed,,
3/1/2016,175,,186,181-365,Litigation Section,Breach of Contract,State,teamlead,Tim Sull,Plaintiff,Judge 39,TX,Webb,Sergio v. Ronaldo,Firm-1,Partner,Timekeeper-1,L160,Tim Harden,Timekeeper-1,3,13,262.5,1/2/2015,7/7/2015,151-200,Closed,,
3/2/2016,175,,186,181-365,Litigation Section,Breach of Contract,State,teamlead,Tim Sull,Plaintiff,Judge 40,TX,Webb,Sergio v. Ronaldo,Firm-1,Partner,Timekeeper-1,L160,Tim Harden,Timekeeper-1,3,14,52.5,1/2/2015,7/7/2015,151-200,Closed,,
3/6/2016,175,,186,181-365,Litigation Section,Breach of Contract,State,teamlead,Tim Sull,Plaintiff,Judge 41,TX,Webb,Sergio v. Ronaldo,Firm-1,Partner,Timekeeper-1,L160,Tim Harden,Timekeeper-1,3,15,35,1/2/2015,7/7/2015,151-200,Closed,,
3/6/2016,175,,186,181-365,Litigation Section,Breach of Contract,State,teamlead,Tim Sull,Plaintiff,Judge 42,TX,Webb,Sergio v. Ronaldo,Firm-1,Partner,Timekeeper-1,L160,Tim Harden,Timekeeper-1,3,16,35,1/2/2015,7/7/2015,151-200,Closed,,
3/12/2016,175,,186,181-365,Litigation Section,Breach of Contract,State,teamlead,Tim Sull,Plaintiff,Judge 43,TX,Webb,Sergio v. Ronaldo,Firm-1,Partner,Timekeeper-1,L160,Tim Harden,Timekeeper-1,3,17,35,1/2/2015,7/7/2015,151-200,Closed,,
3/23/2016,175,,186,181-365,Litigation Section,Breach of Contract,State,teamlead,Tim Sull,Plaintiff,Judge 44,TX,Webb,Sergio v. Ronaldo,Firm-1,Partner,Timekeeper-1,L430,Tim Harden,Timekeeper-1,3,18,35,1/2/2015,7/7/2015,151-200,Closed,,
3/23/2016,175,,186,181-365,Litigation Section,Breach of Contract,State,teamlead,Tim Sull,Plaintiff,Judge 45,TX,Webb,Sergio v. Ronaldo,Firm-1,Partner,Timekeeper-1,L430,Tim Harden,Timekeeper-1,3,19,35,1/2/2015,7/7/2015,151-200,Closed,,
3/6/2016,,,186,181-365,Litigation Section,Breach of Contract,State,teamlead,Tim Sull,Plaintiff,Judge 46,TX,Webb,Sergio v. Ronaldo,Firm-1,,,,Tim Harden,Timekeeper-1,3,20,2.06,1/2/2015,7/7/2015,,Closed,,
1/6/2016,195,,287,181-365,Litigation Section,Breach of Contract,State,teamlead,Tim Sull,Plaintiff,Judge 47,IN,Hidalgo,John v. Smith,Firm-3,Partner,Timekeeper-4,L120,Tim Harden,Timekeeper-4,4,3,117,1/2/2015,10/16/2015,151-200,Closed,,
1/8/2016,195,,287,181-365,Litigation Section,Breach of Contract,State,teamlead,Tim Sull,Plaintiff,Judge 48,IN,Hidalgo,John v. Smith,Firm-3,Associate,Timekeeper-5,L320,Tim Harden,Timekeeper-4,4,4,19.5,1/2/2015,10/16/2015,151-200,Closed,,
1/9/2016,195,,287,181-365,Litigation Section,Breach of Contract,State,teamlead,Tim Sull,Plaintiff,Judge 49,IN,Hidalgo,John v. Smith,Firm-3,Associate,Timekeeper-5,L160,Tim Harden,Timekeeper-4,4,9,78,1/2/2015,10/16/2015,151-200,Closed,,
1/9/2016,195,,287,181-365,Litigation Section,Breach of Contract,State,teamlead,Tim Sull,Plaintiff,Judge 50,IN,Hidalgo,John v. Smith,Firm-3,Associate,Timekeeper-5,L210,Tim Harden,Timekeeper-4,4,6,97.5,1/2/2015,10/16/2015,151-200,Closed,,
1/9/2016,195,,287,181-365,Litigation Section,Breach of Contract,State,teamlead,Tim Sull,Plaintiff,Judge 51,IN,Hidalgo,John v. Smith,Firm-3,Associate,Timekeeper-5,L210,Tim Harden,Timekeeper-4,4,7,58.5,1/2/2015,10/16/2015,151-200,Closed,,
1/9/2016,195,,287,181-365,Litigation Section,Breach of Contract,State,teamlead,Tim Sull,Plaintiff,Judge 52,IN,Hidalgo,John v. Smith,Firm-3,Associate,Timekeeper-5,L210,Tim Harden,Timekeeper-4,4,8,58.5,1/2/2015,10/16/2015,151-200,Closed,,
1/9/2016,195,,287,181-365,Litigation Section,Breach of Contract,State,teamlead,Tim Sull,Plaintiff,Judge 53,IN,Hidalgo,John v. Smith,Firm-3,Associate,Timekeeper-5,L430,Tim Harden,Timekeeper-4,4,10,78,1/2/2015,10/16/2015,151-200,Closed,,
1/9/2016,195,,287,181-365,Litigation Section,Breach of Contract,State,teamlead,Tim Sull,Plaintiff,Judge 54,IN,Hidalgo,John v. Smith,Firm-3,Partner,Timekeeper-4,L160,Tim Harden,Timekeeper-4,4,5,58.5,1/2/2015,10/16/2015,151-200,Closed,,
1/14/2016,195,,287,181-365,Litigation Section,Breach of Contract,State,teamlead,Tim Sull,Plaintiff,Judge 55,IN,Hidalgo,John v. Smith,Firm-3,Associate,Timekeeper-5,L320,Tim Harden,Timekeeper-4,4,11,19.5,1/2/2015,10/16/2015,151-200,Closed,,
1/22/2016,195,,287,181-365,Litigation Section,Breach of Contract,State,teamlead,Tim Sull,Plaintiff,Judge 56,IN,Hidalgo,John v. Smith,Firm-3,Associate,Timekeeper-5,L120,Tim Harden,Timekeeper-4,4,13,19.5,1/2/2015,10/16/2015,151-200,Closed,,
1/22/2016,195,,287,181-365,Litigation Section,Breach of Contract,State,teamlead,Tim Sull,Plaintiff,Judge 57,IN,Hidalgo,John v. Smith,Firm-3,Associate,Timekeeper-5,L430,Tim Harden,Timekeeper-4,4,12,19.5,1/2/2015,10/16/2015,151-200,Closed,,
1/23/2016,195,,287,181-365,Litigation Section,Breach of Contract,State,teamlead,Tim Sull,Plaintiff,Judge 58,IN,Hidalgo,John v. Smith,Firm-3,Associate,Timekeeper-5,L430,Tim Harden,Timekeeper-4,4,14,19.5,1/2/2015,10/16/2015,151-200,Closed,,
1/23/2016,195,,287,181-365,Litigation Section,Breach of Contract,State,teamlead,Tim Sull,Plaintiff,Judge 59,IN,Hidalgo,John v. Smith,Firm-3,Associate,Timekeeper-5,L430,Tim Harden,Timekeeper-4,4,15,78,1/2/2015,10/16/2015,151-200,Closed,,
1/30/2016,195,,287,181-365,Litigation Section,Breach of Contract,State,teamlead,Tim Sull,Plaintiff,Judge 60,IN,Hidalgo,John v. Smith,Firm-3,Associate,Timekeeper-5,L120,Tim Harden,Timekeeper-4,4,16,78,1/2/2015,10/16/2015,151-200,Closed,,
1/31/2016,195,,287,181-365,Litigation Section,Breach of Contract,State,teamlead,Tim Sull,Plaintiff,Judge 61,IN,Hidalgo,John v. Smith,Firm-3,Associate,Timekeeper-5,L310,Tim Harden,Timekeeper-4,4,17,78,1/2/2015,10/16/2015,151-200,Closed,,
2/2/2016,195,,287,181-365,Litigation Section,Breach of Contract,State,teamlead,Tim Sull,Plaintiff,Judge 62,IN,Hidalgo,John v. Smith,Firm-3,Associate,Timekeeper-5,L120,Tim Harden,Timekeeper-4,4,18,370.5,1/2/2015,10/16/2015,151-200,Closed,,
2/2/2016,195,,287,181-365,Litigation Section,Breach of Contract,State,teamlead,Tim Sull,Plaintiff,Judge 63,IN,Hidalgo,John v. Smith,Firm-3,Associate,Timekeeper-5,L120,Tim Harden,Timekeeper-4,4,19,331.5,1/2/2015,10/16/2015,151-200,Closed,,
2/3/2016,195,,287,181-365,Litigation Section,Breach of Contract,State,teamlead,Tim Sull,Plaintiff,Judge 64,IN,Hidalgo,John v. Smith,Firm-3,Associate,Timekeeper-5,L120,Tim Harden,Timekeeper-4,4,20,526.5,1/2/2015,10/16/2015,151-200,Closed,,
2/3/2016,195,,287,181-365,Litigation Section,Breach of Contract,State,teamlead,Tim Sull,Plaintiff,Judge 65,IN,Hidalgo,John v. Smith,Firm-3,Associate,Timekeeper-5,L120,Tim Harden,Timekeeper-4,4,21,273,1/2/2015,10/16/2015,151-200,Closed,,
2/5/2016,195,,287,181-365,Litigation Section,Breach of Contract,State,teamlead,Tim Sull,Plaintiff,Judge 66,IN,Hidalgo,John v. Smith,Firm-3,Associate,Timekeeper-5,L430,Tim Harden,Timekeeper-4,4,22,58.5,1/2/2015,10/16/2015,151-200,Closed,,
2/6/2016,70,,287,181-365,Litigation Section,Breach of Contract,State,teamlead,Tim Sull,Plaintiff,Judge 67,IN,Hidalgo,John v. Smith,Firm-3,Legal Assistant,"Garcia, Ruby A.",L160,Tim Harden,Timekeeper-4,4,24,21,1/2/2015,10/16/2015,0-100,Closed,,
2/6/2016,70,,287,181-365,Litigation Section,Breach of Contract,State,teamlead,Tim Sull,Plaintiff,Judge 68,IN,Hidalgo,John v. Smith,Firm-3,Legal Assistant,"Garcia, Ruby A.",L310,Tim Harden,Timekeeper-4,4,25,35,1/2/2015,10/16/2015,0-100,Closed,,
2/6/2016,195,,287,181-365,Litigation Section,Breach of Contract,State,teamlead,Tim Sull,Plaintiff,Judge 69,IN,Hidalgo,John v. Smith,Firm-3,Partner,Timekeeper-4,L160,Tim Harden,Timekeeper-4,4,23,39,1/2/2015,10/16/2015,151-200,Closed,,
2/11/2016,195,,287,181-365,Litigation Section,Breach of Contract,State,teamlead,Tim Sull,Plaintiff,Judge 70,IN,Hidalgo,John v. Smith,Firm-3,Associate,Timekeeper-5,L160,Tim Harden,Timekeeper-4,4,26,253.5,1/2/2015,10/16/2015,151-200,Closed,,
2/11/2016,195,,287,181-365,Litigation Section,Breach of Contract,State,teamlead,Tim Sull,Plaintiff,Judge 71,IN,Hidalgo,John v. Smith,Firm-3,Associate,Timekeeper-5,L160,Tim Harden,Timekeeper-4,4,27,97.5,1/2/2015,10/16/2015,151-200,Closed,,
1/9/2016,,,287,181-365,Litigation Section,Breach of Contract,State,teamlead,Tim Sull,Plaintiff,Judge 72,IN,Hidalgo,John v. Smith,Firm-3,,,,Tim Harden,Timekeeper-4,4,28,2.06,1/2/2015,10/16/2015,,Closed,,
2/5/2016,,,287,181-365,Litigation Section,Breach of Contract,State,teamlead,Tim Sull,Plaintiff,Judge 73,IN,Hidalgo,John v. Smith,Firm-3,,,,Tim Harden,Timekeeper-4,4,30,2.06,1/2/2015,10/16/2015,,Closed,,
1/14/2016,,,287,181-365,Litigation Section,Breach of Contract,State,teamlead,Tim Sull,Plaintiff,Judge 74,IN,Hidalgo,John v. Smith,Firm-3,,,,Tim Harden,Timekeeper-4,4,29,94.29,1/2/2015,10/16/2015,,Closed,1,Printing not allowed expense per State Farm Guidelines
2/3/2016,63,,287,181-365,Litigation Section,Breach of Contract,State,teamlead,Tim Sull,Plaintiff,Judge 75,IN,Hidalgo,John v. Smith,Firm-2,Legal Assistant,Timekeeper-2,L653,Tim Harden,Timekeeper-4,5,1,258.3,1/2/2015,10/16/2015,0-100,Closed,,
2/4/2016,63,,287,181-365,Litigation Section,Breach of Contract,State,teamlead,Tim Sull,Plaintiff,Judge 76,IN,Hidalgo,John v. Smith,Firm-2,Legal Assistant,Timekeeper-2,L653,Tim Harden,Timekeeper-4,5,2,226.8,1/2/2015,10/16/2015,0-100,Closed,,
2/5/2016,165,,287,181-365,Litigation Section,Breach of Contract,State,teamlead,Tim Sull,Plaintiff,Judge 77,IN,Hidalgo,John v. Smith,Firm-2,Associate,Timekeeper-6,L654,Tim Harden,Timekeeper-4,5,3,198,1/2/2015,10/16/2015,151-200,Closed,,
3/17/2016,195,,287,181-365,Litigation Section,Breach of Contract,State,teamlead,Tim Sull,Plaintiff,Judge 78,IN,Hidalgo,John v. Smith,Firm-3,Associate,Timekeeper-5,L160,Tim Harden,Timekeeper-4,6,3,39,1/2/2015,10/16/2015,151-200,Closed,,
3/18/2016,195,,287,181-365,Litigation Section,Breach of Contract,State,teamlead,Tim Sull,Plaintiff,Judge 79,IN,Hidalgo,John v. Smith,Firm-3,Associate,Timekeeper-5,L160,Tim Harden,Timekeeper-4,6,4,39,1/2/2015,10/16/2015,151-200,Closed,,
1/5/2016,210,,136,91-180,Litigation Section,Breach of Contract,State,teamlead,Tim Sull,Plaintiff,Judge 80,TX,Hidalgo,Marcelo v. Sanchez,Firm-4,Partner,Timekeeper-7,L110,Tim Harden,Timekeeper-7,7,1,105,1/2/2015,5/18/2015,201-300,Closed,,
1/5/2016,210,,136,91-180,Litigation Section,Breach of Contract,State,teamlead,Tim Sull,Plaintiff,Judge 81,TX,Hidalgo,Marcelo v. Sanchez,Firm-4,Partner,Timekeeper-7,L110,Tim Harden,Timekeeper-7,7,1,105,1/2/2015,5/18/2015,201-300,Closed,,
1/6/2016,175,,136,91-180,Litigation Section,Breach of Contract,State,teamlead,Tim Sull,Plaintiff,Judge 82,TX,Hidalgo,Marcelo v. Sanchez,Firm-4,Associate,Timekeeper-8,L120,Tim Harden,Timekeeper-7,7,2,35,1/2/2015,5/18/2015,151-200,Closed,,
1/6/2016,175,,136,91-180,Litigation Section,Breach of Contract,State,teamlead,Tim Sull,Plaintiff,Judge 83,TX,Hidalgo,Marcelo v. Sanchez,Firm-4,Associate,Timekeeper-8,L120,Tim Harden,Timekeeper-7,7,2,35,1/2/2015,5/18/2015,151-200,Closed,,
1/6/2016,175,,136,91-180,Litigation Section,Breach of Contract,State,teamlead,Tim Sull,Plaintiff,Judge 84,TX,Hidalgo,Marcelo v. Sanchez,Firm-4,Associate,Timekeeper-8,L120,Tim Harden,Timekeeper-7,7,3,52.5,1/2/2015,5/18/2015,151-200,Closed,,
1/6/2016,175,,136,91-180,Litigation Section,Breach of Contract,State,teamlead,Tim Sull,Plaintiff,Judge 85,TX,Hidalgo,Marcelo v. Sanchez,Firm-4,Associate,Timekeeper-8,L120,Tim Harden,Timekeeper-7,7,3,52.5,1/2/2015,5/18/2015,151-200,Closed,,
1/14/2016,175,,136,91-180,Litigation Section,Breach of Contract,State,teamlead,Tim Sull,Plaintiff,Judge 86,TX,Hidalgo,Marcelo v. Sanchez,Firm-4,Associate,Timekeeper-8,L110,Tim Harden,Timekeeper-7,7,4,52.5,1/2/2015,5/18/2015,151-200,Closed,,
1/14/2016,175,,136,91-180,Litigation Section,Breach of Contract,State,teamlead,Tim Sull,Plaintiff,Judge 87,TX,Hidalgo,Marcelo v. Sanchez,Firm-4,Associate,Timekeeper-8,L110,Tim Harden,Timekeeper-7,7,4,52.5,1/2/2015,5/18/2015,151-200,Closed,,
1/14/2016,175,,136,91-180,Litigation Section,Breach of Contract,State,teamlead,Tim Sull,Plaintiff,Judge 88,TX,Hidalgo,Marcelo v. Sanchez,Firm-4,Associate,Timekeeper-8,L310,Tim Harden,Timekeeper-7,7,5,70,1/2/2015,5/18/2015,151-200,Closed,,
1/14/2016,175,,136,91-180,Litigation Section,Breach of Contract,State,teamlead,Tim Sull,Plaintiff,Judge 89,TX,Hidalgo,Marcelo v. Sanchez,Firm-4,Associate,Timekeeper-8,L310,Tim Harden,Timekeeper-7,7,5,70,1/2/2015,5/18/2015,151-200,Closed,,
1/15/2016,175,,136,91-180,Litigation Section,Breach of Contract,State,teamlead,Tim Sull,Plaintiff,Judge 90,TX,Hidalgo,Marcelo v. Sanchez,Firm-4,Associate,Timekeeper-8,L110,Tim Harden,Timekeeper-7,7,6,35,1/2/2015,5/18/2015,151-200,Closed,,
1/15/2016,175,,136,91-180,Litigation Section,Breach of Contract,State,teamlead,Tim Sull,Plaintiff,Judge 91,TX,Hidalgo,Marcelo v. Sanchez,Firm-4,Associate,Timekeeper-8,L110,Tim Harden,Timekeeper-7,7,6,35,1/2/2015,5/18/2015,151-200,Closed,,
1/16/2016,210,,136,91-180,Litigation Section,Breach of Contract,State,teamlead,Tim Sull,Plaintiff,Judge 92,TX,Hidalgo,Marcelo v. Sanchez,Firm-4,Partner,Timekeeper-7,L160,Tim Harden,Timekeeper-7,7,8,42,1/2/2015,5/18/2015,201-300,Closed,,
1/16/2016,210,,136,91-180,Litigation Section,Breach of Contract,State,teamlead,Tim Sull,Plaintiff,Judge 93,TX,Hidalgo,Marcelo v. Sanchez,Firm-4,Partner,Timekeeper-7,L160,Tim Harden,Timekeeper-7,7,8,42,1/2/2015,5/18/2015,201-300,Closed,,
1/16/2016,175,,136,91-180,Litigation Section,Breach of Contract,State,teamlead,Tim Sull,Plaintiff,Judge 94,TX,Hidalgo,Marcelo v. Sanchez,Firm-4,Associate,Timekeeper-8,L160,Tim Harden,Timekeeper-7,7,7,52.5,1/2/2015,5/18/2015,151-200,Closed,,
1/16/2016,175,,136,91-180,Litigation Section,Breach of Contract,State,teamlead,Tim Sull,Plaintiff,Judge 95,TX,Hidalgo,Marcelo v. Sanchez,Firm-4,Associate,Timekeeper-8,L160,Tim Harden,Timekeeper-7,7,7,52.5,1/2/2015,5/18/2015,151-200,Closed,,
1/19/2016,210,,136,91-180,Litigation Section,Breach of Contract,State,teamlead,Tim Sull,Plaintiff,Judge 96,TX,Hidalgo,Marcelo v. Sanchez,Firm-4,Partner,Timekeeper-7,L110,Tim Harden,Timekeeper-7,7,11,546,1/2/2015,5/18/2015,201-300,Closed,,
1/19/2016,210,,136,91-180,Litigation Section,Breach of Contract,State,teamlead,Tim Sull,Plaintiff,Judge 97,TX,Hidalgo,Marcelo v. Sanchez,Firm-4,Partner,Timekeeper-7,L110,Tim Harden,Timekeeper-7,7,11,546,1/2/2015,5/18/2015,201-300,Closed,,
1/19/2016,210,,136,91-180,Litigation Section,Breach of Contract,State,teamlead,Tim Sull,Plaintiff,Judge 98,TX,Hidalgo,Marcelo v. Sanchez,Firm-4,Partner,Timekeeper-7,L310,Tim Harden,Timekeeper-7,7,10,42,1/2/2015,5/18/2015,201-300,Closed,,
1/19/2016,210,,136,91-180,Litigation Section,Breach of Contract,State,teamlead,Tim Sull,Plaintiff,Judge 99,TX,Hidalgo,Marcelo v. Sanchez,Firm-4,Partner,Timekeeper-7,L310,Tim Harden,Timekeeper-7,7,10,42,1/2/2015,5/18/2015,201-300,Closed,,
1/19/2016,175,,136,91-180,Litigation Section,Breach of Contract,State,teamlead,Tim Sull,Plaintiff,Judge 100,TX,Hidalgo,Marcelo v. Sanchez,Firm-4,Associate,Timekeeper-8,L120,Tim Harden,Timekeeper-7,7,9,70,1/2/2015,5/18/2015,151-200,Closed,,
1/19/2016,175,,136,91-180,Litigation Section,Breach of Contract,State,teamlead,Tim Sull,Plaintiff,Judge 101,TX,Hidalgo,Marcelo v. Sanchez,Firm-4,Associate,Timekeeper-8,L120,Tim Harden,Timekeeper-7,7,9,70,1/2/2015,5/18/2015,151-200,Closed,,
1/23/2016,210,,136,91-180,Litigation Section,Breach of Contract,State,teamlead,Tim Sull,Plaintiff,Judge 102,TX,Hidalgo,Marcelo v. Sanchez,Firm-4,Partner,Timekeeper-7,L110,Tim Harden,Timekeeper-7,7,12,315,1/2/2015,5/18/2015,201-300,Closed,,
1/23/2016,210,,136,91-180,Litigation Section,Breach of Contract,State,teamlead,Tim Sull,Plaintiff,Judge 103,TX,Hidalgo,Marcelo v. Sanchez,Firm-4,Partner,Timekeeper-7,L110,Tim Harden,Timekeeper-7,7,12,315,1/2/2015,5/18/2015,201-300,Closed,,
1/27/2016,175,,136,91-180,Litigation Section,Breach of Contract,State,teamlead,Tim Sull,Plaintiff,Judge 104,TX,Hidalgo,Marcelo v. Sanchez,Firm-4,Associate,Timekeeper-8,L110,Tim Harden,Timekeeper-7,7,14,245,1/2/2015,5/18/2015,151-200,Closed,,
1/27/2016,175,,136,91-180,Litigation Section,Breach of Contract,State,teamlead,Tim Sull,Plaintiff,Judge 105,TX,Hidalgo,Marcelo v. Sanchez,Firm-4,Associate,Timekeeper-8,L110,Tim Harden,Timekeeper-7,7,14,245,1/2/2015,5/18/2015,151-200,Closed,,
1/27/2016,175,,136,91-180,Litigation Section,Breach of Contract,State,teamlead,Tim Sull,Plaintiff,Judge 106,TX,Hidalgo,Marcelo v. Sanchez,Firm-4,Associate,Timekeeper-8,L310,Tim Harden,Timekeeper-7,7,13,35,1/2/2015,5/18/2015,151-200,Closed,,
1/27/2016,175,,136,91-180,Litigation Section,Breach of Contract,State,teamlead,Tim Sull,Plaintiff,Judge 107,TX,Hidalgo,Marcelo v. Sanchez,Firm-4,Associate,Timekeeper-8,L310,Tim Harden,Timekeeper-7,7,13,35,1/2/2015,5/18/2015,151-200,Closed,,
1/28/2016,0,,136,91-180,Litigation Section,Breach of Contract,State,teamlead,Tim Sull,Plaintiff,Judge 108,TX,Hidalgo,Marcelo v. Sanchez,Firm-4,Partner,Timekeeper-7,L110,Tim Harden,Timekeeper-7,7,16,0,1/2/2015,5/18/2015,0-100,Closed,,
1/28/2016,0,,136,91-180,Litigation Section,Breach of Contract,State,teamlead,Tim Sull,Plaintiff,Judge 109,TX,Hidalgo,Marcelo v. Sanchez,Firm-4,Partner,Timekeeper-7,L110,Tim Harden,Timekeeper-7,7,16,0,1/2/2015,5/18/2015,0-100,Closed,,
1/28/2016,175,,136,91-180,Litigation Section,Breach of Contract,State,teamlead,Tim Sull,Plaintiff,Judge 110,TX,Hidalgo,Marcelo v. Sanchez,Firm-4,Associate,Timekeeper-8,L120,Tim Harden,Timekeeper-7,7,15,367.5,1/2/2015,5/18/2015,151-200,Closed,,
1/28/2016,175,,136,91-180,Litigation Section,Breach of Contract,State,teamlead,Tim Sull,Plaintiff,Judge 111,TX,Hidalgo,Marcelo v. Sanchez,Firm-4,Associate,Timekeeper-8,L120,Tim Harden,Timekeeper-7,7,15,367.5,1/2/2015,5/18/2015,151-200,Closed,,
1/30/2016,175,,136,91-180,Litigation Section,Breach of Contract,State,teamlead,Tim Sull,Plaintiff,Judge 112,TX,Hidalgo,Marcelo v. Sanchez,Firm-4,Associate,Timekeeper-8,L110,Tim Harden,Timekeeper-7,7,17,35,1/2/2015,5/18/2015,151-200,Closed,,
1/30/2016,175,,136,91-180,Litigation Section,Breach of Contract,State,teamlead,Tim Sull,Plaintiff,Judge 113,TX,Hidalgo,Marcelo v. Sanchez,Firm-4,Associate,Timekeeper-8,L110,Tim Harden,Timekeeper-7,7,17,35,1/2/2015,5/18/2015,151-200,Closed,,
1/30/2016,175,,136,91-180,Litigation Section,Breach of Contract,State,teamlead,Tim Sull,Plaintiff,Judge 114,TX,Hidalgo,Marcelo v. Sanchez,Firm-4,Associate,Timekeeper-8,L110,Tim Harden,Timekeeper-7,7,19,35,1/2/2015,5/18/2015,151-200,Closed,,
1/30/2016,175,,136,91-180,Litigation Section,Breach of Contract,State,teamlead,Tim Sull,Plaintiff,Judge 115,TX,Hidalgo,Marcelo v. Sanchez,Firm-4,Associate,Timekeeper-8,L110,Tim Harden,Timekeeper-7,7,19,35,1/2/2015,5/18/2015,151-200,Closed,,
1/30/2016,175,,136,91-180,Litigation Section,Breach of Contract,State,teamlead,Tim Sull,Plaintiff,Judge 116,TX,Hidalgo,Marcelo v. Sanchez,Firm-4,Associate,Timekeeper-8,L120,Tim Harden,Timekeeper-7,7,18,35,1/2/2015,5/18/2015,151-200,Closed,,
1/30/2016,175,,136,91-180,Litigation Section,Breach of Contract,State,teamlead,Tim Sull,Plaintiff,Judge 117,TX,Hidalgo,Marcelo v. Sanchez,Firm-4,Associate,Timekeeper-8,L120,Tim Harden,Timekeeper-7,7,18,35,1/2/2015,5/18/2015,151-200,Closed,,
2/2/2016,210,,136,91-180,Litigation Section,Breach of Contract,State,teamlead,Tim Sull,Plaintiff,Judge 118,TX,Hidalgo,Marcelo v. Sanchez,Firm-4,Partner,Timekeeper-7,L120,Tim Harden,Timekeeper-7,7,20,63,1/2/2015,5/18/2015,201-300,Closed,,
2/2/2016,210,,136,91-180,Litigation Section,Breach of Contract,State,teamlead,Tim Sull,Plaintiff,Judge 119,TX,Hidalgo,Marcelo v. Sanchez,Firm-4,Partner,Timekeeper-7,L120,Tim Harden,Timekeeper-7,7,20,63,1/2/2015,5/18/2015,201-300,Closed,,
2/4/2016,210,,136,91-180,Litigation Section,Breach of Contract,State,teamlead,Tim Sull,Plaintiff,Judge 120,TX,Hidalgo,Marcelo v. Sanchez,Firm-4,Partner,Timekeeper-7,L110,Tim Harden,Timekeeper-7,7,21,84,1/2/2015,5/18/2015,201-300,Closed,,
2/4/2016,210,,136,91-180,Litigation Section,Breach of Contract,State,teamlead,Tim Sull,Plaintiff,Judge 121,TX,Hidalgo,Marcelo v. Sanchez,Firm-4,Partner,Timekeeper-7,L110,Tim Harden,Timekeeper-7,7,21,84,1/2/2015,5/18/2015,201-300,Closed,,
2/5/2016,175,,136,91-180,Litigation Section,Breach of Contract,State,teamlead,Tim Sull,Plaintiff,Judge 122,TX,Hidalgo,Marcelo v. Sanchez,Firm-4,Associate,Timekeeper-8,L110,Tim Harden,Timekeeper-7,7,23,17.5,1/2/2015,5/18/2015,151-200,Closed,,
2/5/2016,175,,136,91-180,Litigation Section,Breach of Contract,State,teamlead,Tim Sull,Plaintiff,Judge 123,TX,Hidalgo,Marcelo v. Sanchez,Firm-4,Associate,Timekeeper-8,L110,Tim Harden,Timekeeper-7,7,23,17.5,1/2/2015,5/18/2015,151-200,Closed,,
2/5/2016,0,,136,91-180,Litigation Section,Breach of Contract,State,teamlead,Tim Sull,Plaintiff,Judge 124,TX,Hidalgo,Marcelo v. Sanchez,Firm-4,Associate,Timekeeper-8,L310,Tim Harden,Timekeeper-7,7,22,0,1/2/2015,5/18/2015,0-100,Closed,,
2/5/2016,0,,136,91-180,Litigation Section,Breach of Contract,State,teamlead,Tim Sull,Plaintiff,Judge 125,TX,Hidalgo,Marcelo v. Sanchez,Firm-4,Associate,Timekeeper-8,L310,Tim Harden,Timekeeper-7,7,22,0,1/2/2015,5/18/2015,0-100,Closed,,
2/9/2016,210,,136,91-180,Litigation Section,Breach of Contract,State,teamlead,Tim Sull,Plaintiff,Judge 126,TX,Hidalgo,Marcelo v. Sanchez,Firm-4,Partner,Timekeeper-7,L110,Tim Harden,Timekeeper-7,7,24,315,1/2/2015,5/18/2015,201-300,Closed,,
2/9/2016,210,,136,91-180,Litigation Section,Breach of Contract,State,teamlead,Tim Sull,Plaintiff,Judge 127,TX,Hidalgo,Marcelo v. Sanchez,Firm-4,Partner,Timekeeper-7,L110,Tim Harden,Timekeeper-7,7,24,315,1/2/2015,5/18/2015,201-300,Closed,,
2/12/2016,175,,136,91-180,Litigation Section,Breach of Contract,State,teamlead,Tim Sull,Plaintiff,Judge 128,TX,Hidalgo,Marcelo v. Sanchez,Firm-4,Associate,Timekeeper-8,L120,Tim Harden,Timekeeper-7,7,26,35,1/2/2015,5/18/2015,151-200,Closed,,
2/12/2016,175,,136,91-180,Litigation Section,Breach of Contract,State,teamlead,Tim Sull,Plaintiff,Judge 129,TX,Hidalgo,Marcelo v. Sanchez,Firm-4,Associate,Timekeeper-8,L120,Tim Harden,Timekeeper-7,7,26,35,1/2/2015,5/18/2015,151-200,Closed,,
2/12/2016,175,,136,91-180,Litigation Section,Breach of Contract,State,teamlead,Tim Sull,Plaintiff,Judge 130,TX,Hidalgo,Marcelo v. Sanchez,Firm-4,Associate,Timekeeper-8,L160,Tim Harden,Timekeeper-7,7,27,17.5,1/2/2015,5/18/2015,151-200,Closed,,
2/12/2016,175,,136,91-180,Litigation Section,Breach of Contract,State,teamlead,Tim Sull,Plaintiff,Judge 131,TX,Hidalgo,Marcelo v. Sanchez,Firm-4,Associate,Timekeeper-8,L160,Tim Harden,Timekeeper-7,7,27,17.5,1/2/2015,5/18/2015,151-200,Closed,,
2/12/2016,175,,136,91-180,Litigation Section,Breach of Contract,State,teamlead,Tim Sull,Plaintiff,Judge 132,TX,Hidalgo,Marcelo v. Sanchez,Firm-4,Associate,Timekeeper-8,L160,Tim Harden,Timekeeper-7,7,28,17.5,1/2/2015,5/18/2015,151-200,Closed,,
2/12/2016,175,,136,91-180,Litigation Section,Breach of Contract,State,teamlead,Tim Sull,Plaintiff,Judge 133,TX,Hidalgo,Marcelo v. Sanchez,Firm-4,Associate,Timekeeper-8,L160,Tim Harden,Timekeeper-7,7,28,17.5,1/2/2015,5/18/2015,151-200,Closed,,
2/12/2016,175,,136,91-180,Litigation Section,Breach of Contract,State,teamlead,Tim Sull,Plaintiff,Judge 134,TX,Hidalgo,Marcelo v. Sanchez,Firm-4,Associate,Timekeeper-8,L160,Tim Harden,Timekeeper-7,7,29,17.5,1/2/2015,5/18/2015,151-200,Closed,,
2/12/2016,175,,136,91-180,Litigation Section,Breach of Contract,State,teamlead,Tim Sull,Plaintiff,Judge 135,TX,Hidalgo,Marcelo v. Sanchez,Firm-4,Associate,Timekeeper-8,L160,Tim Harden,Timekeeper-7,7,29,17.5,1/2/2015,5/18/2015,151-200,Closed,,
2/12/2016,175,,136,91-180,Litigation Section,Breach of Contract,State,teamlead,Tim Sull,Plaintiff,Judge 136,TX,Hidalgo,Marcelo v. Sanchez,Firm-4,Associate,Timekeeper-8,L160,Tim Harden,Timekeeper-7,7,30,140,1/2/2015,5/18/2015,151-200,Closed,,
2/12/2016,175,,136,91-180,Litigation Section,Breach of Contract,State,teamlead,Tim Sull,Plaintiff,Judge 137,TX,Hidalgo,Marcelo v. Sanchez,Firm-4,Associate,Timekeeper-8,L160,Tim Harden,Timekeeper-7,7,30,140,1/2/2015,5/18/2015,151-200,Closed,,
2/12/2016,175,,136,91-180,Litigation Section,Breach of Contract,State,teamlead,Tim Sull,Plaintiff,Judge 138,TX,Hidalgo,Marcelo v. Sanchez,Firm-4,Associate,Timekeeper-8,L160,Tim Harden,Timekeeper-7,7,31,52.5,1/2/2015,5/18/2015,151-200,Closed,,
2/12/2016,175,,136,91-180,Litigation Section,Breach of Contract,State,teamlead,Tim Sull,Plaintiff,Judge 139,TX,Hidalgo,Marcelo v. Sanchez,Firm-4,Associate,Timekeeper-8,L160,Tim Harden,Timekeeper-7,7,31,52.5,1/2/2015,5/18/2015,151-200,Closed,,
2/12/2016,175,,136,91-180,Litigation Section,Breach of Contract,State,teamlead,Tim Sull,Plaintiff,Judge 140,TX,Hidalgo,Marcelo v. Sanchez,Firm-4,Associate,Timekeeper-8,L160,Tim Harden,Timekeeper-7,7,25,35,1/2/2015,5/18/2015,151-200,Closed,,
2/12/2016,175,,136,91-180,Litigation Section,Breach of Contract,State,teamlead,Tim Sull,Plaintiff,Judge 141,TX,Hidalgo,Marcelo v. Sanchez,Firm-4,Associate,Timekeeper-8,L160,Tim Harden,Timekeeper-7,7,25,35,1/2/2015,5/18/2015,151-200,Closed,,
2/13/2016,210,,136,91-180,Litigation Section,Breach of Contract,State,teamlead,Tim Sull,Plaintiff,Judge 142,TX,Hidalgo,Marcelo v. Sanchez,Firm-4,Partner,Timekeeper-7,L160,Tim Harden,Timekeeper-7,7,34,42,1/2/2015,5/18/2015,201-300,Closed,,
2/13/2016,210,,136,91-180,Litigation Section,Breach of Contract,State,teamlead,Tim Sull,Plaintiff,Judge 143,TX,Hidalgo,Marcelo v. Sanchez,Firm-4,Partner,Timekeeper-7,L160,Tim Harden,Timekeeper-7,7,34,42,1/2/2015,5/18/2015,201-300,Closed,,
2/13/2016,175,,136,91-180,Litigation Section,Breach of Contract,State,teamlead,Tim Sull,Plaintiff,Judge 144,TX,Hidalgo,Marcelo v. Sanchez,Firm-4,Associate,Timekeeper-8,L160,Tim Harden,Timekeeper-7,7,32,35,1/2/2015,5/18/2015,151-200,Closed,,
2/13/2016,175,,136,91-180,Litigation Section,Breach of Contract,State,teamlead,Tim Sull,Plaintiff,Judge 145,TX,Hidalgo,Marcelo v. Sanchez,Firm-4,Associate,Timekeeper-8,L160,Tim Harden,Timekeeper-7,7,32,35,1/2/2015,5/18/2015,151-200,Closed,,
2/13/2016,175,,136,91-180,Litigation Section,Breach of Contract,State,teamlead,Tim Sull,Plaintiff,Judge 146,TX,Hidalgo,Marcelo v. Sanchez,Firm-4,Associate,Timekeeper-8,L160,Tim Harden,Timekeeper-7,7,33,17.5,1/2/2015,5/18/2015,151-200,Closed,,
2/13/2016,175,,136,91-180,Litigation Section,Breach of Contract,State,teamlead,Tim Sull,Plaintiff,Judge 147,TX,Hidalgo,Marcelo v. Sanchez,Firm-4,Associate,Timekeeper-8,L160,Tim Harden,Timekeeper-7,7,33,17.5,1/2/2015,5/18/2015,151-200,Closed,,
2/17/2016,175,,136,91-180,Litigation Section,Breach of Contract,State,teamlead,Tim Sull,Plaintiff,Judge 148,TX,Hidalgo,Marcelo v. Sanchez,Firm-4,Associate,Timekeeper-8,L160,Tim Harden,Timekeeper-7,7,35,35,1/2/2015,5/18/2015,151-200,Closed,,
2/17/2016,175,,136,91-180,Litigation Section,Breach of Contract,State,teamlead,Tim Sull,Plaintiff,Judge 149,TX,Hidalgo,Marcelo v. Sanchez,Firm-4,Associate,Timekeeper-8,L160,Tim Harden,Timekeeper-7,7,35,35,1/2/2015,5/18/2015,151-200,Closed,,
2/17/2015,175,,136,91-180,Litigation Section,Breach of Contract,State,teamlead,Tim Sull,Plaintiff,Judge 150,TX,Hidalgo,Marcelo v. Sanchez,Firm-4,Associate,Timekeeper-8,L160,Tim Harden,Timekeeper-7,7,36,52.5,1/2/2015,5/18/2015,151-200,Closed,,
2/17/2015,175,,136,91-180,Litigation Section,Breach of Contract,State,teamlead,Tim Sull,Plaintiff,Judge 151,TX,Hidalgo,Marcelo v. Sanchez,Firm-4,Associate,Timekeeper-8,L160,Tim Harden,Timekeeper-7,7,36,52.5,1/2/2015,5/18/2015,151-200,Closed,,
2/17/2015,175,,136,91-180,Litigation Section,Breach of Contract,State,teamlead,Tim Sull,Plaintiff,Judge 152,TX,Hidalgo,Marcelo v. Sanchez,Firm-4,Associate,Timekeeper-8,L160,Tim Harden,Timekeeper-7,7,37,52.5,1/2/2015,5/18/2015,151-200,Closed,,
2/17/2015,175,,136,91-180,Litigation Section,Breach of Contract,State,teamlead,Tim Sull,Plaintiff,Judge 153,TX,Hidalgo,Marcelo v. Sanchez,Firm-4,Associate,Timekeeper-8,L160,Tim Harden,Timekeeper-7,7,37,52.5,1/2/2015,5/18/2015,151-200,Closed,,
2/18/2015,175,,136,91-180,Litigation Section,Breach of Contract,State,teamlead,Tim Sull,Plaintiff,Judge 154,TX,Hidalgo,Marcelo v. Sanchez,Firm-4,Associate,Timekeeper-8,L160,Tim Harden,Timekeeper-7,7,38,70,1/2/2015,5/18/2015,151-200,Closed,,
2/18/2015,175,,136,91-180,Litigation Section,Breach of Contract,State,teamlead,Tim Sull,Plaintiff,Judge 155,TX,Hidalgo,Marcelo v. Sanchez,Firm-4,Associate,Timekeeper-8,L160,Tim Harden,Timekeeper-7,7,38,70,1/2/2015,5/18/2015,151-200,Closed,,
2/19/2015,210,,136,91-180,Litigation Section,Breach of Contract,State,teamlead,Tim Sull,Plaintiff,Judge 156,TX,Hidalgo,Marcelo v. Sanchez,Firm-4,Partner,Timekeeper-7,L160,Tim Harden,Timekeeper-7,7,41,84,1/2/2015,5/18/2015,201-300,Closed,,
2/19/2015,210,,136,91-180,Litigation Section,Breach of Contract,State,teamlead,Tim Sull,Plaintiff,Judge 157,TX,Hidalgo,Marcelo v. Sanchez,Firm-4,Partner,Timekeeper-7,L160,Tim Harden,Timekeeper-7,7,41,84,1/2/2015,5/18/2015,201-300,Closed,,
2/19/2015,175,,136,91-180,Litigation Section,Breach of Contract,State,teamlead,Tim Sull,Plaintiff,Judge 158,TX,Hidalgo,Marcelo v. Sanchez,Firm-4,Associate,Timekeeper-8,L120,Tim Harden,Timekeeper-7,7,39,17.5,1/2/2015,5/18/2015,151-200,Closed,,
2/19/2015,175,,136,91-180,Litigation Section,Breach of Contract,State,teamlead,Tim Sull,Plaintiff,Judge 159,TX,Hidalgo,Marcelo v. Sanchez,Firm-4,Associate,Timekeeper-8,L120,Tim Harden,Timekeeper-7,7,39,17.5,1/2/2015,5/18/2015,151-200,Closed,,
2/19/2015,175,,136,91-180,Litigation Section,Breach of Contract,State,teamlead,Tim Sull,Plaintiff,Judge 160,TX,Hidalgo,Marcelo v. Sanchez,Firm-4,Associate,Timekeeper-8,L160,Tim Harden,Timekeeper-7,7,40,17.5,1/2/2015,5/18/2015,151-200,Closed,,
2/19/2015,175,,136,91-180,Litigation Section,Breach of Contract,State,teamlead,Tim Sull,Plaintiff,Judge 161,TX,Hidalgo,Marcelo v. Sanchez,Firm-4,Associate,Timekeeper-8,L160,Tim Harden,Timekeeper-7,7,40,17.5,1/2/2015,5/18/2015,151-200,Closed,,
2/24/2015,175,,136,91-180,Litigation Section,Breach of Contract,State,teamlead,Tim Sull,Plaintiff,Judge 162,TX,Hidalgo,Marcelo v. Sanchez,Firm-4,Associate,Timekeeper-8,L160,Tim Harden,Timekeeper-7,7,42,17.5,1/2/2015,5/18/2015,151-200,Closed,,
2/24/2015,175,,136,91-180,Litigation Section,Breach of Contract,State,teamlead,Tim Sull,Plaintiff,Judge 163,TX,Hidalgo,Marcelo v. Sanchez,Firm-4,Associate,Timekeeper-8,L160,Tim Harden,Timekeeper-7,7,42,17.5,1/2/2015,5/18/2015,151-200,Closed,,
2/25/2015,175,,136,91-180,Litigation Section,Breach of Contract,State,teamlead,Tim Sull,Plaintiff,Judge 164,TX,Hidalgo,Marcelo v. Sanchez,Firm-4,Associate,Timekeeper-8,L160,Tim Harden,Timekeeper-7,7,43,35,1/2/2015,5/18/2015,151-200,Closed,,
2/25/2015,175,,136,91-180,Litigation Section,Breach of Contract,State,teamlead,Tim Sull,Plaintiff,Judge 165,TX,Hidalgo,Marcelo v. Sanchez,Firm-4,Associate,Timekeeper-8,L160,Tim Harden,Timekeeper-7,7,43,35,1/2/2015,5/18/2015,151-200,Closed,,
2/25/2015,175,,136,91-180,Litigation Section,Breach of Contract,State,teamlead,Tim Sull,Plaintiff,Judge 166,TX,Hidalgo,Marcelo v. Sanchez,Firm-4,Associate,Timekeeper-8,L160,Tim Harden,Timekeeper-7,7,44,17.5,1/2/2015,5/18/2015,151-200,Closed,,
2/25/2015,175,,136,91-180,Litigation Section,Breach of Contract,State,teamlead,Tim Sull,Plaintiff,Judge 167,TX,Hidalgo,Marcelo v. Sanchez,Firm-4,Associate,Timekeeper-8,L160,Tim Harden,Timekeeper-7,7,44,17.5,1/2/2015,5/18/2015,151-200,Closed,,
2/27/2015,175,,136,91-180,Litigation Section,Breach of Contract,State,teamlead,Tim Sull,Plaintiff,Judge 168,TX,Hidalgo,Marcelo v. Sanchez,Firm-4,Associate,Timekeeper-8,L160,Tim Harden,Timekeeper-7,7,45,17.5,1/2/2015,5/18/2015,151-200,Closed,,
2/27/2015,175,,136,91-180,Litigation Section,Breach of Contract,State,teamlead,Tim Sull,Plaintiff,Judge 169,TX,Hidalgo,Marcelo v. Sanchez,Firm-4,Associate,Timekeeper-8,L160,Tim Harden,Timekeeper-7,7,45,17.5,1/2/2015,5/18/2015,151-200,Closed,,
1/31/2015,,,136,91-180,Litigation Section,Breach of Contract,State,teamlead,Tim Sull,Plaintiff,Judge 170,TX,Hidalgo,Marcelo v. Sanchez,Firm-4,,,,Tim Harden,Timekeeper-7,7,46,0,1/2/2015,5/18/2015,,Closed,1,Copying not allowed expense per State Farm Guidelines
2/28/2015,,,136,91-180,Litigation Section,Breach of Contract,State,teamlead,Tim Sull,Plaintiff,Judge 171,TX,Hidalgo,Marcelo v. Sanchez,Firm-4,,,,Tim Harden,Timekeeper-7,7,47,0,1/2/2015,5/18/2015,,Closed,1,Copying not allowed expense per State Farm Guidelines
3/6/2015,175,,136,91-180,Litigation Section,Breach of Contract,State,teamlead,Tim Sull,Plaintiff,Judge 172,TX,Hidalgo,Marcelo v. Sanchez,Firm-4,Associate,Timekeeper-8,L160,Tim Harden,Timekeeper-7,8,1,17.5,1/2/2015,5/18/2015,151-200,Closed,,
3/6/2015,175,,136,91-180,Litigation Section,Breach of Contract,State,teamlead,Tim Sull,Plaintiff,Judge 173,TX,Hidalgo,Marcelo v. Sanchez,Firm-4,Associate,Timekeeper-8,L160,Tim Harden,Timekeeper-7,8,2,35,1/2/2015,5/18/2015,151-200,Closed,,
3/12/2015,175,,136,91-180,Litigation Section,Breach of Contract,State,teamlead,Tim Sull,Plaintiff,Judge 174,TX,Hidalgo,Marcelo v. Sanchez,Firm-4,Associate,Timekeeper-8,L160,Tim Harden,Timekeeper-7,8,3,17.5,1/2/2015,5/18/2015,151-200,Closed,,
3/13/2015,175,,136,91-180,Litigation Section,Breach of Contract,State,teamlead,Tim Sull,Plaintiff,Judge 175,TX,Hidalgo,Marcelo v. Sanchez,Firm-4,Associate,Timekeeper-8,L110,Tim Harden,Timekeeper-7,8,4,35,1/2/2015,5/18/2015,151-200,Closed,,
3/13/2015,175,,136,91-180,Litigation Section,Breach of Contract,State,teamlead,Tim Sull,Plaintiff,Judge 176,TX,Hidalgo,Marcelo v. Sanchez,Firm-4,Associate,Timekeeper-8,L160,Tim Harden,Timekeeper-7,8,5,17.5,1/2/2015,5/18/2015,151-200,Closed,,
3/13/2015,175,,136,91-180,Litigation Section,Breach of Contract,State,teamlead,Tim Sull,Plaintiff,Judge 177,TX,Hidalgo,Marcelo v. Sanchez,Firm-4,Associate,Timekeeper-8,L160,Tim Harden,Timekeeper-7,8,6,35,1/2/2015,5/18/2015,151-200,Closed,,
3/13/2015,175,,136,91-180,Litigation Section,Breach of Contract,State,teamlead,Tim Sull,Plaintiff,Judge 178,TX,Hidalgo,Marcelo v. Sanchez,Firm-4,Associate,Timekeeper-8,L160,Tim Harden,Timekeeper-7,8,7,17.5,1/2/2015,5/18/2015,151-200,Closed,,
3/17/2015,210,,136,91-180,Litigation Section,Breach of Contract,State,teamlead,Tim Sull,Plaintiff,Judge 179,TX,Hidalgo,Marcelo v. Sanchez,Firm-4,Partner,Timekeeper-7,L160,Tim Harden,Timekeeper-7,8,8,42,1/2/2015,5/18/2015,201-300,Closed,,
3/18/2015,175,,136,91-180,Litigation Section,Breach of Contract,State,teamlead,Tim Sull,Plaintiff,Judge 180,TX,Hidalgo,Marcelo v. Sanchez,Firm-4,Associate,Timekeeper-8,L160,Tim Harden,Timekeeper-7,8,9,35,1/2/2015,5/18/2015,151-200,Closed,,
3/26/2015,175,,136,91-180,Litigation Section,Breach of Contract,State,teamlead,Tim Sull,Plaintiff,Judge 181,TX,Hidalgo,Marcelo v. Sanchez,Firm-4,Associate,Timekeeper-8,L160,Tim Harden,Timekeeper-7,8,10,17.5,1/2/2015,5/18/2015,151-200,Closed,,
3/31/2015,,,136,91-180,Litigation Section,Breach of Contract,State,teamlead,Tim Sull,Plaintiff,Judge 182,TX,Hidalgo,Marcelo v. Sanchez,Firm-4,,,,Tim Harden,Timekeeper-7,8,11,0,1/2/2015,5/18/2015,,Closed,1,Copying not allowed expense per State Farm Guidelines
2/2/2015,165,,136,91-180,Litigation Section,Breach of Contract,State,teamlead,Tim Sull,Plaintiff,Judge 183,TX,Hidalgo,Marcelo v. Sanchez,Firm-2,Associate,Timekeeper-3,L654,Tim Harden,Timekeeper-7,9,2,82.5,1/2/2015,5/18/2015,151-200,Closed,,
2/2/2015,63,,136,91-180,Litigation Section,Breach of Contract,State,teamlead,Tim Sull,Plaintiff,Judge 184,TX,Hidalgo,Marcelo v. Sanchez,Firm-2,Legal Assistant,Timekeeper-9,L653,Lebron James,Timekeeper-7,9,1,113.4,1/2/2015,5/18/2015,0-100,Closed,,
2/3/2015,165,,136,91-180,Litigation Section,Breach of Contract,State,teamlead,Tim Sull,Plaintiff,Judge 185,TX,Hidalgo,Marcelo v. Sanchez,Firm-2,Associate,Timekeeper-3,L654,Lebron James,Timekeeper-7,9,3,99,1/2/2015,5/18/2015,151-200,Closed,,
1/7/2015,90,,368,366-547,Litigation Section,Breach of Contract,State,teamlead,Tim Sull,Plaintiff,Judge 186,TX,Maverick,"Tim v. Smith, et al.",Firm-5,Legal Assistant,Timekeeper-10,L110,Lebron James,Timekeeper-19,10,10,27,1/5/2015,1/8/2016,0-100,Closed,,
1/7/2015,90,,368,366-547,Litigation Section,Breach of Contract,State,teamlead,Tim Sull,Plaintiff,Judge 187,TX,Maverick,"Tim v. Smith, et al.",Firm-5,Legal Assistant,Timekeeper-10,L310,Lebron James,Timekeeper-19,10,8,9,1/5/2015,1/8/2016,0-100,Closed,1,More than 76% of this person's tasks are .1 and .2
1/7/2015,90,,368,366-547,Litigation Section,Breach of Contract,State,teamlead,Tim Sull,Plaintiff,Judge 188,TX,Maverick,"Tim v. Smith, et al.",Firm-5,Legal Assistant,Timekeeper-10,L310,Lebron James,Timekeeper-19,10,9,18,1/5/2015,1/8/2016,0-100,Closed,1,More than 76% of this person's tasks are .1 and .2
1/7/2015,200,,368,366-547,Litigation Section,Breach of Contract,State,teamlead,Tim Sull,Plaintiff,Judge 189,TX,Maverick,"Tim v. Smith, et al.",Firm-5,Partner,Timekeeper-11,L110,Lebron James,Timekeeper-19,10,4,20,1/5/2015,1/8/2016,151-200,Closed,,
1/7/2015,200,,368,366-547,Litigation Section,Breach of Contract,State,teamlead,Tim Sull,Plaintiff,Judge 190,TX,Maverick,"Tim v. Smith, et al.",Firm-5,Partner,Timekeeper-11,L110,Lebron James,Timekeeper-19,10,5,20,1/5/2015,1/8/2016,151-200,Closed,,
1/7/2015,200,,368,366-547,Litigation Section,Breach of Contract,State,teamlead,Tim Sull,Plaintiff,Judge 191,TX,Maverick,"Tim v. Smith, et al.",Firm-5,Partner,Timekeeper-11,L210,Lebron James,Timekeeper-19,10,6,20,1/5/2015,1/8/2016,151-200,Closed,,
1/7/2015,200,,368,366-547,Litigation Section,Breach of Contract,State,teamlead,Tim Sull,Plaintiff,Judge 192,TX,Maverick,"Tim v. Smith, et al.",Firm-5,Partner,Timekeeper-11,L210,Lebron James,Timekeeper-19,10,7,180,1/5/2015,1/8/2016,151-200,Closed,,
1/7/2015,200,,368,366-547,Litigation Section,Breach of Contract,State,teamlead,Tim Sull,Plaintiff,Judge 193,TX,Maverick,"Tim v. Smith, et al.",Firm-5,Partner,Timekeeper-11,L210,Lebron James,Timekeeper-19,10,3,20,1/5/2015,1/8/2016,151-200,Closed,,
1/9/2015,200,,368,366-547,Litigation Section,Breach of Contract,State,teamlead,Tim Sull,Plaintiff,Judge 194,TX,Maverick,"Tim v. Smith, et al.",Firm-5,Partner,Timekeeper-11,L110,Lebron James,Timekeeper-19,10,11,80,1/5/2015,1/8/2016,151-200,Closed,,
1/9/2015,200,,368,366-547,Litigation Section,Breach of Contract,State,teamlead,Tim Sull,Plaintiff,Judge 195,TX,Maverick,"Tim v. Smith, et al.",Firm-5,Partner,Timekeeper-11,L110,Lebron James,Timekeeper-19,10,12,80,1/5/2015,1/8/2016,151-200,Closed,,
1/9/2015,200,,368,366-547,Litigation Section,Breach of Contract,State,teamlead,Tim Sull,Plaintiff,Judge 196,TX,Maverick,"Tim v. Smith, et al.",Firm-5,Partner,Timekeeper-11,L110,Lebron James,Timekeeper-19,10,13,40,1/5/2015,1/8/2016,151-200,Closed,,
1/12/2015,175,,368,366-547,Litigation Section,Breach of Contract,State,teamlead,Tim Sull,Plaintiff,Judge 197,TX,Maverick,"Tim v. Smith, et al.",Firm-5,Partner,Timekeeper-12,L310,Lebron James,Timekeeper-19,10,14,87.5,1/5/2015,1/8/2016,151-200,Closed,,
1/12/2015,175,,368,366-547,Litigation Section,Breach of Contract,State,teamlead,Tim Sull,Plaintiff,Judge 198,TX,Maverick,"Tim v. Smith, et al.",Firm-5,Partner,Timekeeper-12,L310,Lebron James,Timekeeper-19,10,15,70,1/5/2015,1/8/2016,151-200,Closed,,
1/12/2015,175,,368,366-547,Litigation Section,Breach of Contract,State,teamlead,Tim Sull,Plaintiff,Judge 199,TX,Maverick,"Tim v. Smith, et al.",Firm-5,Partner,Timekeeper-12,L310,Lebron James,Timekeeper-19,10,16,70,1/5/2015,1/8/2016,151-200,Closed,,
1/12/2015,175,,368,366-547,Litigation Section,Breach of Contract,State,teamlead,Tim Sull,Plaintiff,Judge 200,TX,Maverick,"Tim v. Smith, et al.",Firm-5,Partner,Timekeeper-12,L310,Lebron James,Timekeeper-19,10,17,52.5,1/5/2015,1/8/2016,151-200,Closed,,
1/12/2015,175,,368,366-547,Litigation Section,Breach of Contract,State,teamlead,Tim Sull,Plaintiff,Judge 201,TX,Maverick,"Tim v. Smith, et al.",Firm-5,Partner,Timekeeper-12,L310,Lebron James,Timekeeper-19,10,18,17.5,1/5/2015,1/8/2016,151-200,Closed,,
1/14/2015,90,,368,366-547,Litigation Section,Breach of Contract,State,teamlead,Tim Sull,Plaintiff,Judge 202,TX,Maverick,"Tim v. Smith, et al.",Firm-5,Legal Assistant,Timekeeper-10,L110,Lebron James,Timekeeper-19,10,24,9,1/5/2015,1/8/2016,0-100,Closed,1,More than 76% of this person's tasks are .1 and .2
1/14/2015,90,,368,366-547,Litigation Section,Breach of Contract,State,teamlead,Tim Sull,Plaintiff,Judge 203,TX,Maverick,"Tim v. Smith, et al.",Firm-5,Legal Assistant,Timekeeper-10,L110,Lebron James,Timekeeper-19,10,25,27,1/5/2015,1/8/2016,0-100,Closed,,
1/14/2015,90,,368,366-547,Litigation Section,Breach of Contract,State,teamlead,Tim Sull,Plaintiff,Judge 204,TX,Maverick,"Tim v. Smith, et al.",Firm-5,Legal Assistant,Timekeeper-10,L210,Lebron James,Timekeeper-19,10,23,27,1/5/2015,1/8/2016,0-100,Closed,,
1/14/2015,175,,368,366-547,Litigation Section,Breach of Contract,State,teamlead,Tim Sull,Plaintiff,Judge 205,TX,Maverick,"Tim v. Smith, et al.",Firm-5,Partner,Timekeeper-13,L210,Lebron James,Timekeeper-19,10,22,17.5,1/5/2015,1/8/2016,151-200,Closed,1,More than 76% of this person's tasks are .1 and .2
1/14/2015,175,,368,366-547,Litigation Section,Breach of Contract,State,teamlead,Tim Sull,Plaintiff,Judge 206,TX,Maverick,"Tim v. Smith, et al.",Firm-5,Partner,Timekeeper-13,L230,Lebron James,Timekeeper-19,10,20,17.5,1/5/2015,1/8/2016,151-200,Closed,1,More than 76% of this person's tasks are .1 and .2
1/14/2015,175,,368,366-547,Litigation Section,Breach of Contract,State,teamlead,Tim Sull,Plaintiff,Judge 207,TX,Maverick,"Tim v. Smith, et al.",Firm-5,Partner,Timekeeper-13,L230,Lebron James,Timekeeper-19,10,21,35,1/5/2015,1/8/2016,151-200,Closed,1,More than 76% of this person's tasks are .1 and .2
1/14/2015,200,,368,366-547,Litigation Section,Breach of Contract,State,teamlead,Tim Sull,Plaintiff,Judge 208,TX,Maverick,"Tim v. Smith, et al.",Firm-5,Partner,Timekeeper-11,L120,Lebron James,Timekeeper-19,10,19,100,1/5/2015,1/8/2016,151-200,Closed,,
1/14/2015,175,,368,366-547,Litigation Section,Breach of Contract,State,teamlead,Tim Sull,Plaintiff,Judge 209,TX,Maverick,"Tim v. Smith, et al.",Firm-5,Associate,Timekeeper-14,L110,Lebron James,Timekeeper-19,10,26,70,1/5/2015,1/8/2016,151-200,Closed,,
1/15/2015,175,,368,366-547,Litigation Section,Breach of Contract,State,teamlead,Tim Sull,Plaintiff,Judge 210,TX,Maverick,"Tim v. Smith, et al.",Firm-5,Partner,Timekeeper-12,L120,Lebron James,Timekeeper-19,10,29,87.5,1/5/2015,1/8/2016,151-200,Closed,,
1/15/2015,200,,368,366-547,Litigation Section,Breach of Contract,State,teamlead,Tim Sull,Plaintiff,Judge 211,TX,Maverick,"Tim v. Smith, et al.",Firm-5,Partner,Timekeeper-11,L110,Lebron James,Timekeeper-19,10,27,40,1/5/2015,1/8/2016,151-200,Closed,,
1/15/2015,200,,368,366-547,Litigation Section,Breach of Contract,State,teamlead,Tim Sull,Plaintiff,Judge 212,TX,Maverick,"Tim v. Smith, et al.",Firm-5,Partner,Timekeeper-11,L160,Lebron James,Timekeeper-19,10,28,20,1/5/2015,1/8/2016,151-200,Closed,,
1/16/2015,90,,368,366-547,Litigation Section,Breach of Contract,State,teamlead,Tim Sull,Plaintiff,Judge 213,TX,Maverick,"Tim v. Smith, et al.",Firm-5,Legal Assistant,Timekeeper-10,L110,Lebron James,Timekeeper-19,10,31,18,1/5/2015,1/8/2016,0-100,Closed,1,More than 76% of this person's tasks are .1 and .2
1/16/2015,90,,368,366-547,Litigation Section,Breach of Contract,State,teamlead,Tim Sull,Plaintiff,Judge 214,TX,Maverick,"Tim v. Smith, et al.",Firm-5,Legal Assistant,Timekeeper-10,L210,Lebron James,Timekeeper-19,10,32,9,1/5/2015,1/8/2016,0-100,Closed,1,More than 76% of this person's tasks are .1 and .2
1/16/2015,90,,368,366-547,Litigation Section,Breach of Contract,State,teamlead,Tim Sull,Plaintiff,Judge 215,TX,Maverick,"Tim v. Smith, et al.",Firm-5,Legal Assistant,Timekeeper-10,L210,Lebron James,Timekeeper-19,10,33,18,1/5/2015,1/8/2016,0-100,Closed,1,More than 76% of this person's tasks are .1 and .2
1/16/2015,175,,368,366-547,Litigation Section,Breach of Contract,State,teamlead,Tim Sull,Plaintiff,Judge 216,TX,Maverick,"Tim v. Smith, et al.",Firm-5,Partner,Timekeeper-13,L160,Lebron James,Timekeeper-19,10,30,105,1/5/2015,1/8/2016,151-200,Closed,1,Draft DTPA offer more than .5 hours
1/16/2015,175,,368,366-547,Litigation Section,Breach of Contract,State,teamlead,Tim Sull,Plaintiff,Judge 217,TX,Maverick,"Tim v. Smith, et al.",Firm-5,Associate,Timekeeper-14,L320,Lebron James,Timekeeper-19,10,34,262.5,1/5/2015,1/8/2016,151-200,Closed,,
1/16/2015,175,,368,366-547,Litigation Section,Breach of Contract,State,teamlead,Tim Sull,Plaintiff,Judge 218,TX,Maverick,"Tim v. Smith, et al.",Firm-5,Associate,Timekeeper-14,L320,Lebron James,Timekeeper-19,10,35,70,1/5/2015,1/8/2016,151-200,Closed,,
1/19/2015,175,,368,366-547,Litigation Section,Breach of Contract,State,teamlead,Tim Sull,Plaintiff,Judge 219,TX,Maverick,"Tim v. Smith, et al.",Firm-5,Partner,Timekeeper-13,L210,Lebron James,Timekeeper-19,10,38,52.5,1/5/2015,1/8/2016,151-200,Closed,,
1/19/2015,175,,368,366-547,Litigation Section,Breach of Contract,State,teamlead,Tim Sull,Plaintiff,Judge 220,TX,Maverick,"Tim v. Smith, et al.",Firm-5,Partner,Timekeeper-13,L230,Lebron James,Timekeeper-19,10,36,17.5,1/5/2015,1/8/2016,151-200,Closed,1,More than 76% of this person's tasks are .1 and .2
1/19/2015,175,,368,366-547,Litigation Section,Breach of Contract,State,teamlead,Tim Sull,Plaintiff,Judge 221,TX,Maverick,"Tim v. Smith, et al.",Firm-5,Partner,Timekeeper-13,L230,Lebron James,Timekeeper-19,10,37,35,1/5/2015,1/8/2016,151-200,Closed,1,More than 76% of this person's tasks are .1 and .2
1/19/2015,175,,368,366-547,Litigation Section,Breach of Contract,State,teamlead,Tim Sull,Plaintiff,Judge 222,TX,Maverick,"Tim v. Smith, et al.",Firm-5,Associate,Timekeeper-14,L320,Lebron James,Timekeeper-19,10,39,140,1/5/2015,1/8/2016,151-200,Closed,,
1/21/2015,200,,368,366-547,Litigation Section,Breach of Contract,State,teamlead,Tim Sull,Plaintiff,Judge 223,TX,Maverick,"Tim v. Smith, et al.",Firm-5,Partner,Timekeeper-11,L110,Lebron James,Timekeeper-19,10,40,20,1/5/2015,1/8/2016,151-200,Closed,,
1/21/2015,200,,368,366-547,Litigation Section,Breach of Contract,State,teamlead,Tim Sull,Plaintiff,Judge 224,TX,Maverick,"Tim v. Smith, et al.",Firm-5,Partner,Timekeeper-11,L110,Lebron James,Timekeeper-19,10,41,40,1/5/2015,1/8/2016,151-200,Closed,,
1/22/2015,90,,368,366-547,Litigation Section,Breach of Contract,State,teamlead,Tim Sull,Plaintiff,Judge 225,TX,Maverick,"Tim v. Smith, et al.",Firm-5,Legal Assistant,Timekeeper-15,L110,Lebron James,Timekeeper-19,10,43,54,1/5/2015,1/8/2016,0-100,Closed,,
1/22/2015,90,,368,366-547,Litigation Section,Breach of Contract,State,teamlead,Tim Sull,Plaintiff,Judge 226,TX,Maverick,"Tim v. Smith, et al.",Firm-5,Legal Assistant,Timekeeper-15,L310,Lebron James,Timekeeper-19,10,42,45,1/5/2015,1/8/2016,0-100,Closed,,
1/23/2015,90,,368,366-547,Litigation Section,Breach of Contract,State,teamlead,Tim Sull,Plaintiff,Judge 227,TX,Maverick,"Tim v. Smith, et al.",Firm-5,Legal Assistant,Timekeeper-10,L110,Lebron James,Timekeeper-19,10,44,18,1/5/2015,1/8/2016,0-100,Closed,1,More than 76% of this person's tasks are .1 and .2
1/26/2015,175,,368,366-547,Litigation Section,Breach of Contract,State,teamlead,Tim Sull,Plaintiff,Judge 228,TX,Maverick,"Tim v. Smith, et al.",Firm-5,Partner,Timekeeper-12,L120,Lebron James,Timekeeper-19,10,45,35,1/5/2015,1/8/2016,151-200,Closed,,
1/27/2015,175,,368,366-547,Litigation Section,Breach of Contract,State,teamlead,Tim Sull,Plaintiff,Judge 229,TX,Maverick,"Tim v. Smith, et al.",Firm-5,Partner,Timekeeper-13,L140,Lebron James,Timekeeper-19,10,49,52.5,1/5/2015,1/8/2016,151-200,Closed,,
1/27/2015,175,,368,366-547,Litigation Section,Breach of Contract,State,teamlead,Tim Sull,Plaintiff,Judge 230,TX,Maverick,"Tim v. Smith, et al.",Firm-5,Partner,Timekeeper-13,L160,Lebron James,Timekeeper-19,10,47,17.5,1/5/2015,1/8/2016,151-200,Closed,1,More than 76% of this person's tasks are .1 and .2
1/27/2015,175,,368,366-547,Litigation Section,Breach of Contract,State,teamlead,Tim Sull,Plaintiff,Judge 231,TX,Maverick,"Tim v. Smith, et al.",Firm-5,Partner,Timekeeper-13,L160,Lebron James,Timekeeper-19,10,48,17.5,1/5/2015,1/8/2016,151-200,Closed,1,More than 76% of this person's tasks are .1 and .2
1/27/2015,200,,368,366-547,Litigation Section,Breach of Contract,State,teamlead,Tim Sull,Plaintiff,Judge 232,TX,Maverick,"Tim v. Smith, et al.",Firm-5,Partner,Timekeeper-11,L160,Lebron James,Timekeeper-19,10,46,20,1/5/2015,1/8/2016,151-200,Closed,,
1/28/2015,175,,368,366-547,Litigation Section,Breach of Contract,State,teamlead,Tim Sull,Plaintiff,Judge 233,TX,Maverick,"Tim v. Smith, et al.",Firm-5,Partner,Timekeeper-13,L160,Lebron James,Timekeeper-19,10,51,35,1/5/2015,1/8/2016,151-200,Closed,1,More than 76% of this person's tasks are .1 and .2
1/28/2015,200,,368,366-547,Litigation Section,Breach of Contract,State,teamlead,Tim Sull,Plaintiff,Judge 234,TX,Maverick,"Tim v. Smith, et al.",Firm-5,Partner,Timekeeper-11,L110,Lebron James,Timekeeper-19,10,50,40,1/5/2015,1/8/2016,151-200,Closed,,
1/29/2015,175,,368,366-547,Litigation Section,Breach of Contract,State,teamlead,Tim Sull,Plaintiff,Judge 235,TX,Maverick,"Tim v. Smith, et al.",Firm-5,Partner,Timekeeper-13,L310,Lebron James,Timekeeper-19,10,52,17.5,1/5/2015,1/8/2016,151-200,Closed,1,More than 76% of this person's tasks are .1 and .2
1/30/2015,175,,368,366-547,Litigation Section,Breach of Contract,State,teamlead,Tim Sull,Plaintiff,Judge 236,TX,Maverick,"Tim v. Smith, et al.",Firm-5,Partner,Timekeeper-13,L310,Lebron James,Timekeeper-19,10,53,35,1/5/2015,1/8/2016,151-200,Closed,1,More than 76% of this person's tasks are .1 and .2
1/30/2015,175,,368,366-547,Litigation Section,Breach of Contract,State,teamlead,Tim Sull,Plaintiff,Judge 237,TX,Maverick,"Tim v. Smith, et al.",Firm-5,Partner,Timekeeper-13,L310,Lebron James,Timekeeper-19,10,54,17.5,1/5/2015,1/8/2016,151-200,Closed,1,More than 76% of this person's tasks are .1 and .2
1/31/2015,175,,368,366-547,Litigation Section,Breach of Contract,State,teamlead,Tim Sull,Plaintiff,Judge 238,TX,Maverick,"Tim v. Smith, et al.",Firm-5,Partner,Timekeeper-13,L160,Lebron James,Timekeeper-19,10,55,280,1/5/2015,1/8/2016,151-200,Closed,,
1/31/2015,175,,368,366-547,Litigation Section,Breach of Contract,State,teamlead,Tim Sull,Plaintiff,Judge 239,TX,Maverick,"Tim v. Smith, et al.",Firm-5,Partner,Timekeeper-13,L160,Lebron James,Timekeeper-19,10,56,105,1/5/2015,1/8/2016,151-200,Closed,,
1/30/2015,,,368,366-547,Litigation Section,Breach of Contract,State,teamlead,Tim Sull,Plaintiff,Judge 240,TX,Maverick,"Tim v. Smith, et al.",Firm-5,,,,Lebron James,Timekeeper-19,10,57,2.06,1/5/2015,1/8/2016,,Closed,,
1/9/2015,75,,368,366-547,Litigation Section,Breach of Contract,State,teamlead,Tim Sull,Plaintiff,Judge 241,TX,Maverick,"Tim v. Smith, et al.",Firm-2,Legal Assistant,Timekeeper-16,L310,Lebron James,Timekeeper-19,11,1,37.5,1/5/2015,1/8/2016,0-100,Closed,,
1/12/2015,75,,368,366-547,Litigation Section,Breach of Contract,State,teamlead,Tim Sull,Plaintiff,Judge 242,TX,Maverick,"Tim v. Smith, et al.",Firm-2,Legal Assistant,Timekeeper-16,L310,Lebron James,Timekeeper-19,11,2,37.5,1/5/2015,1/8/2016,0-100,Closed,,
1/12/2015,75,,368,366-547,Litigation Section,Breach of Contract,State,teamlead,Tim Sull,Plaintiff,Judge 243,TX,Maverick,"Tim v. Smith, et al.",Firm-2,Legal Assistant,Timekeeper-17,L310,Lebron James,Timekeeper-19,11,3,30,1/5/2015,1/8/2016,0-100,Closed,,
1/12/2015,75,,368,366-547,Litigation Section,Breach of Contract,State,teamlead,Tim Sull,Plaintiff,Judge 244,TX,Maverick,"Tim v. Smith, et al.",Firm-2,Legal Assistant,Timekeeper-17,L310,Lebron James,Timekeeper-19,11,4,90,1/5/2015,1/8/2016,0-100,Closed,,
1/12/2015,75,,368,366-547,Litigation Section,Breach of Contract,State,teamlead,Tim Sull,Plaintiff,Judge 245,TX,Maverick,"Tim v. Smith, et al.",Firm-2,Legal Assistant,Timekeeper-17,L310,Lebron James,Timekeeper-19,11,5,67.5,1/5/2015,1/8/2016,0-100,Closed,,
1/12/2015,75,,368,366-547,Litigation Section,Breach of Contract,State,teamlead,Tim Sull,Plaintiff,Judge 246,TX,Maverick,"Tim v. Smith, et al.",Firm-2,Legal Assistant,Timekeeper-17,L310,Lebron James,Timekeeper-19,11,6,37.5,1/5/2015,1/8/2016,0-100,Closed,,
1/12/2015,210,,368,366-547,Litigation Section,Breach of Contract,State,teamlead,Tim Sull,Plaintiff,Judge 247,TX,Maverick,"Tim v. Smith, et al.",Firm-2,Associate,Timekeeper-18,L310,Lebron James,Timekeeper-19,11,7,63,1/5/2015,1/8/2016,201-300,Closed,,
1/13/2015,75,,368,366-547,Litigation Section,Breach of Contract,State,teamlead,Tim Sull,Plaintiff,Judge 248,TX,Maverick,"Tim v. Smith, et al.",Firm-2,Legal Assistant,Timekeeper-16,L310,Lebron James,Timekeeper-19,11,9,37.5,1/5/2015,1/8/2016,0-100,Closed,,
1/13/2015,75,,368,366-547,Litigation Section,Breach of Contract,State,teamlead,Tim Sull,Plaintiff,Judge 249,TX,Maverick,"Tim v. Smith, et al.",Firm-2,Legal Assistant,Timekeeper-17,L310,Lebron James,Timekeeper-19,11,8,37.5,1/5/2015,1/8/2016,0-100,Closed,,
2/2/2015,175,,368,366-547,Litigation Section,Breach of Contract,State,teamlead,Tim Sull,Plaintiff,Judge 250,TX,Maverick,"Tim v. Smith, et al.",Firm-5,Partner,Timekeeper-12,L160,Lebron James,Timekeeper-19,12,3,87.5,1/5/2015,1/8/2016,151-200,Closed,,
2/2/2015,175,,368,366-547,Litigation Section,Breach of Contract,State,teamlead,Tim Sull,Plaintiff,Judge 251,TX,Maverick,"Tim v. Smith, et al.",Firm-5,Partner,Timekeeper-12,L160,Lebron James,Timekeeper-19,12,4,17.5,1/5/2015,1/8/2016,151-200,Closed,,
2/2/2015,200,,368,366-547,Litigation Section,Breach of Contract,State,teamlead,Tim Sull,Plaintiff,Judge 252,TX,Maverick,"Tim v. Smith, et al.",Firm-5,Partner,Timekeeper-11,L120,Lebron James,Timekeeper-19,12,5,60,1/5/2015,1/8/2016,151-200,Closed,,
2/4/2015,175,,368,366-547,Litigation Section,Breach of Contract,State,teamlead,Tim Sull,Plaintiff,Judge 253,TX,Maverick,"Tim v. Smith, et al.",Firm-5,Partner,Timekeeper-13,L160,Lebron James,Timekeeper-19,12,6,70,1/5/2015,1/8/2016,151-200,Closed,,
2/6/2015,175,,368,366-547,Litigation Section,Breach of Contract,State,teamlead,Tim Sull,Plaintiff,Judge 254,TX,Maverick,"Tim v. Smith, et al.",Firm-5,Partner,Timekeeper-13,L160,Lebron James,Timekeeper-19,12,7,35,1/5/2015,1/8/2016,151-200,Closed,1,More than 76% of this person's tasks are .1 and .2
2/6/2015,175,,368,366-547,Litigation Section,Breach of Contract,State,teamlead,Tim Sull,Plaintiff,Judge 255,TX,Maverick,"Tim v. Smith, et al.",Firm-5,Partner,Timekeeper-13,L160,Lebron James,Timekeeper-19,12,8,35,1/5/2015,1/8/2016,151-200,Closed,1,More than 76% of this person's tasks are .1 and .2
2/10/2015,200,,368,366-547,Litigation Section,Breach of Contract,State,teamlead,Tim Sull,Plaintiff,Judge 256,TX,Maverick,"Tim v. Smith, et al.",Firm-5,Partner,Timekeeper-11,L160,Lebron James,Timekeeper-19,12,9,60,1/5/2015,1/8/2016,151-200,Closed,,
2/12/2015,200,,368,366-547,Litigation Section,Breach of Contract,State,teamlead,Tim Sull,Plaintiff,Judge 257,TX,Maverick,"Tim v. Smith, et al.",Firm-5,Partner,Timekeeper-11,L350,Lebron James,Timekeeper-19,12,10,80,1/5/2015,1/8/2016,151-200,Closed,,
2/13/2015,175,,368,366-547,Litigation Section,Breach of Contract,State,teamlead,Tim Sull,Plaintiff,Judge 258,TX,Maverick,"Tim v. Smith, et al.",Firm-5,Partner,Timekeeper-13,L160,Lebron James,Timekeeper-19,12,12,17.5,1/5/2015,1/8/2016,151-200,Closed,1,More than 76% of this person's tasks are .1 and .2
2/13/2015,175,,368,366-547,Litigation Section,Breach of Contract,State,teamlead,Tim Sull,Plaintiff,Judge 259,TX,Maverick,"Tim v. Smith, et al.",Firm-5,Partner,Timekeeper-13,L160,Lebron James,Timekeeper-19,12,13,35,1/5/2015,1/8/2016,151-200,Closed,1,More than 76% of this person's tasks are .1 and .2
2/13/2015,200,,368,366-547,Litigation Section,Breach of Contract,State,teamlead,Tim Sull,Plaintiff,Judge 260,TX,Maverick,"Tim v. Smith, et al.",Firm-5,Partner,Timekeeper-11,L160,Lebron James,Timekeeper-19,12,11,20,1/5/2015,1/8/2016,151-200,Closed,,
2/17/2015,175,,368,366-547,Litigation Section,Breach of Contract,State,teamlead,Tim Sull,Plaintiff,Judge 261,TX,Maverick,"Tim v. Smith, et al.",Firm-5,Partner,Timekeeper-13,L160,Lebron James,Timekeeper-19,12,14,35,1/5/2015,1/8/2016,151-200,Closed,1,More than 76% of this person's tasks are .1 and .2
2/24/2015,175,,368,366-547,Litigation Section,Breach of Contract,State,teamlead,Tim Sull,Plaintiff,Judge 262,TX,Maverick,"Tim v. Smith, et al.",Firm-5,Partner,Timekeeper-13,L160,Lebron James,Timekeeper-19,12,15,17.5,1/5/2015,1/8/2016,151-200,Closed,1,More than 76% of this person's tasks are .1 and .2
2/25/2015,175,,368,366-547,Litigation Section,Breach of Contract,State,teamlead,Tim Sull,Plaintiff,Judge 263,TX,Maverick,"Tim v. Smith, et al.",Firm-5,Partner,Timekeeper-13,L160,Lebron James,Timekeeper-19,12,16,17.5,1/5/2015,1/8/2016,151-200,Closed,1,More than 76% of this person's tasks are .1 and .2
2/25/2015,175,,368,366-547,Litigation Section,Breach of Contract,State,teamlead,Tim Sull,Plaintiff,Judge 264,TX,Maverick,"Tim v. Smith, et al.",Firm-5,Partner,Timekeeper-13,L160,Lebron James,Timekeeper-19,12,17,35,1/5/2015,1/8/2016,151-200,Closed,1,More than 76% of this person's tasks are .1 and .2
2/25/2015,175,,368,366-547,Litigation Section,Breach of Contract,State,teamlead,Tim Sull,Plaintiff,Judge 265,TX,Maverick,"Tim v. Smith, et al.",Firm-5,Partner,Timekeeper-13,L160,Lebron James,Timekeeper-19,12,18,17.5,1/5/2015,1/8/2016,151-200,Closed,1,More than 76% of this person's tasks are .1 and .2
3/4/2015,175,,368,366-547,Litigation Section,Breach of Contract,State,teamlead,Tim Sull,Plaintiff,Judge 266,TX,Maverick,"Tim v. Smith, et al.",Firm-5,Partner,Timekeeper-13,L230,Lebron James,Timekeeper-19,12,19,17.5,1/5/2015,1/8/2016,151-200,Closed,1,More than 76% of this person's tasks are .1 and .2
3/4/2015,175,,368,366-547,Litigation Section,Breach of Contract,State,teamlead,Tim Sull,Plaintiff,Judge 267,TX,Maverick,"Tim v. Smith, et al.",Firm-5,Partner,Timekeeper-13,L230,Lebron James,Timekeeper-19,12,20,35,1/5/2015,1/8/2016,151-200,Closed,1,More than 76% of this person's tasks are .1 and .2
5/14/2015,175,,368,366-547,Litigation Section,Breach of Contract,State,teamlead,Tim Sull,Plaintiff,Judge 268,TX,Maverick,"Tim v. Smith, et al.",Firm-5,Partner,Timekeeper-12,L160,Lebron James,Timekeeper-19,12,24,17.5,1/5/2015,1/8/2016,151-200,Closed,,
5/14/2015,90,,368,366-547,Litigation Section,Breach of Contract,State,teamlead,Tim Sull,Plaintiff,Judge 269,TX,Maverick,"Tim v. Smith, et al.",Firm-5,Legal Assistant,Timekeeper-15,L210,Lebron James,Timekeeper-19,12,21,9,1/5/2015,1/8/2016,0-100,Closed,,
5/14/2015,90,,368,366-547,Litigation Section,Breach of Contract,State,teamlead,Tim Sull,Plaintiff,Judge 270,TX,Maverick,"Tim v. Smith, et al.",Firm-5,Legal Assistant,Timekeeper-15,L210,Lebron James,Timekeeper-19,12,22,18,1/5/2015,1/8/2016,0-100,Closed,,
5/14/2015,90,,368,366-547,Litigation Section,Breach of Contract,State,teamlead,Tim Sull,Plaintiff,Judge 271,TX,Maverick,"Tim v. Smith, et al.",Firm-5,Legal Assistant,Timekeeper-15,L210,Lebron James,Timekeeper-19,12,23,18,1/5/2015,1/8/2016,0-100,Closed,,
5/18/2015,175,,368,366-547,Litigation Section,Breach of Contract,State,teamlead,Tim Sull,Plaintiff,Judge 272,TX,Maverick,"Tim v. Smith, et al.",Firm-5,Partner,Timekeeper-13,L160,Lebron James,Timekeeper-19,12,27,17.5,1/5/2015,1/8/2016,151-200,Closed,1,More than 76% of this person's tasks are .1 and .2
5/18/2015,175,,368,366-547,Litigation Section,Breach of Contract,State,teamlead,Tim Sull,Plaintiff,Judge 273,TX,Maverick,"Tim v. Smith, et al.",Firm-5,Partner,Timekeeper-13,L160,Lebron James,Timekeeper-19,12,28,35,1/5/2015,1/8/2016,151-200,Closed,1,More than 76% of this person's tasks are .1 and .2
5/18/2015,90,,368,366-547,Litigation Section,Breach of Contract,State,teamlead,Tim Sull,Plaintiff,Judge 274,TX,Maverick,"Tim v. Smith, et al.",Firm-5,Legal Assistant,Timekeeper-15,L210,Lebron James,Timekeeper-19,12,25,9,1/5/2015,1/8/2016,0-100,Closed,,
5/18/2015,90,,368,366-547,Litigation Section,Breach of Contract,State,teamlead,Tim Sull,Plaintiff,Judge 275,TX,Maverick,"Tim v. Smith, et al.",Firm-5,Legal Assistant,Timekeeper-15,L210,Lebron James,Timekeeper-19,12,26,9,1/5/2015,1/8/2016,0-100,Closed,,
2/26/2015,,,368,366-547,Litigation Section,Breach of Contract,State,teamlead,Tim Sull,Plaintiff,Judge 276,TX,Maverick,"Tim v. Smith, et al.",Firm-5,,,,Lebron James,Timekeeper-19,12,29,2.06,1/5/2015,1/8/2016,,Closed,,
2/26/2015,,,368,366-547,Litigation Section,Breach of Contract,State,teamlead,Tim Sull,Plaintiff,Judge 277,TX,Maverick,"Tim v. Smith, et al.",Firm-5,,,,Lebron James,Timekeeper-19,12,30,2.06,1/5/2015,1/8/2016,,Closed,,
3/31/2015,,,368,366-547,Litigation Section,Breach of Contract,State,teamlead,Tim Sull,Plaintiff,Judge 278,TX,Maverick,"Tim v. Smith, et al.",Firm-5,,,,Bosh Rose,Timekeeper-19,12,31,2.06,1/5/2015,1/8/2016,,Closed,,
3/31/2015,,,368,366-547,Litigation Section,Breach of Contract,State,teamlead,Tim Sull,Plaintiff,Judge 279,TX,Maverick,"Tim v. Smith, et al.",Firm-5,,,,Bosh Rose,Timekeeper-19,12,32,2.06,1/5/2015,1/8/2016,,Closed,,
1/6/2015,200,,368,366-547,Litigation Section,Breach of Contract,State,teamlead,Tim Sull,Plaintiff,Judge 280,TX,Maverick,Clint v. Dempsey,Firm-5,Partner,Timekeeper-11,L110,Bosh Rose,Timekeeper-11,13,4,20,1/5/2015,1/8/2016,151-200,Closed,,
1/6/2015,200,,368,366-547,Litigation Section,Breach of Contract,State,teamlead,Tim Sull,Plaintiff,Judge 281,TX,Maverick,Clint v. Dempsey,Firm-5,Partner,Timekeeper-11,L110,Bosh Rose,Timekeeper-11,13,7,40,1/5/2015,1/8/2016,151-200,Closed,,
1/6/2015,200,,368,366-547,Litigation Section,Breach of Contract,State,teamlead,Tim Sull,Plaintiff,Judge 282,TX,Maverick,Clint v. Dempsey,Firm-5,Partner,Timekeeper-11,L210,Bosh Rose,Timekeeper-11,13,5,20,1/5/2015,1/8/2016,151-200,Closed,,
1/6/2015,200,,368,366-547,Litigation Section,Breach of Contract,State,teamlead,Tim Sull,Plaintiff,Judge 283,TX,Maverick,Clint v. Dempsey,Firm-5,Partner,Timekeeper-11,L210,Bosh Rose,Timekeeper-11,13,6,160,1/5/2015,1/8/2016,151-200,Closed,,
1/6/2015,200,,368,366-547,Litigation Section,Breach of Contract,State,teamlead,Tim Sull,Plaintiff,Judge 284,TX,Maverick,Clint v. Dempsey,Firm-5,Partner,Timekeeper-19,L210,Bosh Rose,Timekeeper-11,13,3,80,1/5/2015,1/8/2016,151-200,Closed,,
1/7/2015,175,,368,366-547,Litigation Section,Breach of Contract,State,teamlead,Tim Sull,Plaintiff,Judge 285,TX,Maverick,Clint v. Dempsey,Firm-5,Partner,Timekeeper-12,L310,Bosh Rose,Timekeeper-11,13,12,52.5,1/5/2015,1/8/2016,151-200,Closed,,
1/7/2015,90,,368,366-547,Litigation Section,Breach of Contract,State,teamlead,Tim Sull,Plaintiff,Judge 286,TX,Maverick,Clint v. Dempsey,Firm-5,Legal Assistant,Timekeeper-10,L110,Bosh Rose,Timekeeper-11,13,11,27,1/5/2015,1/8/2016,0-100,Closed,,
1/7/2015,90,,368,366-547,Litigation Section,Breach of Contract,State,teamlead,Tim Sull,Plaintiff,Judge 287,TX,Maverick,Clint v. Dempsey,Firm-5,Legal Assistant,Timekeeper-10,L310,Bosh Rose,Timekeeper-11,13,9,9,1/5/2015,1/8/2016,0-100,Closed,1,More than 76% of this person's tasks are .1 and .2
1/7/2015,90,,368,366-547,Litigation Section,Breach of Contract,State,teamlead,Tim Sull,Plaintiff,Judge 288,TX,Maverick,Clint v. Dempsey,Firm-5,Legal Assistant,Timekeeper-10,L310,Bosh Rose,Timekeeper-11,13,10,18,1/5/2015,1/8/2016,0-100,Closed,1,More than 76% of this person's tasks are .1 and .2
1/7/2015,200,,368,366-547,Litigation Section,Breach of Contract,State,teamlead,Tim Sull,Plaintiff,Judge 289,TX,Maverick,Clint v. Dempsey,Firm-5,Partner,Timekeeper-11,L110,Bosh Rose,Timekeeper-11,13,8,40,1/5/2015,1/8/2016,151-200,Closed,,
1/8/2015,90,,368,366-547,Litigation Section,Breach of Contract,State,teamlead,Tim Sull,Plaintiff,Judge 290,TX,Maverick,Clint v. Dempsey,Firm-5,Legal Assistant,Timekeeper-10,L110,Bosh Rose,Timekeeper-11,13,13,27,1/5/2015,1/8/2016,0-100,Closed,,
1/9/2015,175,,368,366-547,Litigation Section,Breach of Contract,State,teamlead,Tim Sull,Plaintiff,Judge 291,TX,Maverick,Clint v. Dempsey,Firm-5,Partner,Timekeeper-12,L120,Bosh Rose,Timekeeper-11,13,18,70,1/5/2015,1/8/2016,151-200,Closed,,
1/9/2015,175,,368,366-547,Litigation Section,Breach of Contract,State,teamlead,Tim Sull,Plaintiff,Judge 292,TX,Maverick,Clint v. Dempsey,Firm-5,Partner,Timekeeper-12,L310,Bosh Rose,Timekeeper-11,13,19,105,1/5/2015,1/8/2016,151-200,Closed,,
1/9/2015,175,,368,366-547,Litigation Section,Breach of Contract,State,teamlead,Tim Sull,Plaintiff,Judge 293,TX,Maverick,Clint v. Dempsey,Firm-5,Partner,Timekeeper-12,L310,Bosh Rose,Timekeeper-11,13,20,87.5,1/5/2015,1/8/2016,151-200,Closed,,
1/9/2015,200,,368,366-547,Litigation Section,Breach of Contract,State,teamlead,Tim Sull,Plaintiff,Judge 294,TX,Maverick,Clint v. Dempsey,Firm-5,Partner,Timekeeper-11,L110,Bosh Rose,Timekeeper-11,13,14,20,1/5/2015,1/8/2016,151-200,Closed,,
1/9/2015,200,,368,366-547,Litigation Section,Breach of Contract,State,teamlead,Tim Sull,Plaintiff,Judge 295,TX,Maverick,Clint v. Dempsey,Firm-5,Partner,Timekeeper-11,L110,Bosh Rose,Timekeeper-11,13,15,40,1/5/2015,1/8/2016,151-200,Closed,,
1/9/2015,200,,368,366-547,Litigation Section,Breach of Contract,State,teamlead,Tim Sull,Plaintiff,Judge 296,TX,Maverick,Clint v. Dempsey,Firm-5,Partner,Timekeeper-11,L110,Bosh Rose,Timekeeper-11,13,16,80,1/5/2015,1/8/2016,151-200,Closed,,
1/9/2015,200,,368,366-547,Litigation Section,Breach of Contract,State,teamlead,Tim Sull,Plaintiff,Judge 297,TX,Maverick,Clint v. Dempsey,Firm-5,Partner,Timekeeper-11,L110,Bosh Rose,Timekeeper-11,13,17,160,1/5/2015,1/8/2016,151-200,Closed,,
1/13/2015,175,,368,366-547,Litigation Section,Breach of Contract,State,teamlead,Tim Sull,Plaintiff,Judge 298,TX,Maverick,Clint v. Dempsey,Firm-5,Associate,Timekeeper-14,L320,Bosh Rose,Timekeeper-11,13,21,297.5,1/5/2015,1/8/2016,151-200,Closed,,
1/14/2015,175,,368,366-547,Litigation Section,Breach of Contract,State,teamlead,Tim Sull,Plaintiff,Judge 299,TX,Maverick,Clint v. Dempsey,Firm-5,Partner,Timekeeper-12,L210,Bosh Rose,Timekeeper-11,13,24,52.5,1/5/2015,1/8/2016,151-200,Closed,,
1/14/2015,175,,368,366-547,Litigation Section,Breach of Contract,State,teamlead,Tim Sull,Plaintiff,Judge 300,TX,Maverick,Clint v. Dempsey,Firm-5,Partner,Timekeeper-12,L210,Bosh Rose,Timekeeper-11,13,30,35,1/5/2015,1/8/2016,151-200,Closed,,
1/14/2015,90,,368,366-547,Litigation Section,Breach of Contract,State,teamlead,Tim Sull,Plaintiff,Judge 301,TX,Maverick,Clint v. Dempsey,Firm-5,Legal Assistant,Timekeeper-10,L110,Bosh Rose,Timekeeper-11,13,26,9,1/5/2015,1/8/2016,0-100,Closed,1,More than 76% of this person's tasks are .1 and .2
1/14/2015,90,,368,366-547,Litigation Section,Breach of Contract,State,teamlead,Tim Sull,Plaintiff,Judge 302,TX,Maverick,Clint v. Dempsey,Firm-5,Legal Assistant,Timekeeper-10,L110,Bosh Rose,Timekeeper-11,13,27,9,1/5/2015,1/8/2016,0-100,Closed,1,More than 76% of this person's tasks are .1 and .2
1/14/2015,90,,368,366-547,Litigation Section,Breach of Contract,State,teamlead,Tim Sull,Plaintiff,Judge 303,TX,Maverick,Clint v. Dempsey,Firm-5,Legal Assistant,Timekeeper-10,L210,Bosh Rose,Timekeeper-11,13,25,27,1/5/2015,1/8/2016,0-100,Closed,,
1/14/2015,175,,368,366-547,Litigation Section,Breach of Contract,State,teamlead,Tim Sull,Plaintiff,Judge 304,TX,Maverick,Clint v. Dempsey,Firm-5,Partner,Timekeeper-13,L210,Bosh Rose,Timekeeper-11,13,31,17.5,1/5/2015,1/8/2016,151-200,Closed,1,More than 76% of this person's tasks are .1 and .2
1/14/2015,175,,368,366-547,Litigation Section,Breach of Contract,State,teamlead,Tim Sull,Plaintiff,Judge 305,TX,Maverick,Clint v. Dempsey,Firm-5,Associate,Timekeeper-14,L320,Bosh Rose,Timekeeper-11,13,28,157.5,1/5/2015,1/8/2016,151-200,Closed,,
1/14/2015,175,,368,366-547,Litigation Section,Breach of Contract,State,teamlead,Tim Sull,Plaintiff,Judge 306,TX,Maverick,Clint v. Dempsey,Firm-5,Associate,Timekeeper-14,L320,Bosh Rose,Timekeeper-11,13,29,105,1/5/2015,1/8/2016,151-200,Closed,,
1/14/2015,200,,368,366-547,Litigation Section,Breach of Contract,State,teamlead,Tim Sull,Plaintiff,Judge 307,TX,Maverick,Clint v. Dempsey,Firm-5,Partner,Timekeeper-11,L120,Bosh Rose,Timekeeper-11,13,22,100,1/5/2015,1/8/2016,151-200,Closed,,
1/14/2015,200,,368,366-547,Litigation Section,Breach of Contract,State,teamlead,Tim Sull,Plaintiff,Judge 308,TX,Maverick,Clint v. Dempsey,Firm-5,Partner,Timekeeper-11,L320,Bosh Rose,Timekeeper-11,13,23,20,1/5/2015,1/8/2016,151-200,Closed,,
1/16/2015,90,,368,366-547,Litigation Section,Breach of Contract,State,teamlead,Tim Sull,Plaintiff,Judge 309,TX,Maverick,Clint v. Dempsey,Firm-5,Legal Assistant,Timekeeper-10,L110,Bosh Rose,Timekeeper-11,13,32,18,1/5/2015,1/8/2016,0-100,Closed,1,More than 76% of this person's tasks are .1 and .2
1/16/2015,90,,368,366-547,Litigation Section,Breach of Contract,State,teamlead,Tim Sull,Plaintiff,Judge 310,TX,Maverick,Clint v. Dempsey,Firm-5,Legal Assistant,Timekeeper-10,L210,Bosh Rose,Timekeeper-11,13,33,9,1/5/2015,1/8/2016,0-100,Closed,1,More than 76% of this person's tasks are .1 and .2
1/19/2015,175,,368,366-547,Litigation Section,Breach of Contract,State,teamlead,Tim Sull,Plaintiff,Judge 311,TX,Maverick,Clint v. Dempsey,Firm-5,Partner,Timekeeper-13,L210,Bosh Rose,Timekeeper-11,13,36,52.5,1/5/2015,1/8/2016,151-200,Closed,,
1/19/2015,175,,368,366-547,Litigation Section,Breach of Contract,State,teamlead,Tim Sull,Plaintiff,Judge 312,TX,Maverick,Clint v. Dempsey,Firm-5,Partner,Timekeeper-13,L230,Bosh Rose,Timekeeper-11,13,34,17.5,1/5/2015,1/8/2016,151-200,Closed,1,More than 76% of this person's tasks are .1 and .2
1/19/2015,175,,368,366-547,Litigation Section,Breach of Contract,State,teamlead,Tim Sull,Plaintiff,Judge 313,TX,Maverick,Clint v. Dempsey,Firm-5,Partner,Timekeeper-13,L230,Bosh Rose,Timekeeper-11,13,35,35,1/5/2015,1/8/2016,151-200,Closed,1,More than 76% of this person's tasks are .1 and .2
1/21/2015,175,,368,366-547,Litigation Section,Breach of Contract,State,teamlead,Tim Sull,Plaintiff,Judge 314,TX,Maverick,Clint v. Dempsey,Firm-5,Partner,Timekeeper-12,L110,Bosh Rose,Timekeeper-11,13,39,17.5,1/5/2015,1/8/2016,151-200,Closed,,
1/21/2015,175,,368,366-547,Litigation Section,Breach of Contract,State,teamlead,Tim Sull,Plaintiff,Judge 315,TX,Maverick,Clint v. Dempsey,Firm-5,Partner,Timekeeper-12,L320,Bosh Rose,Timekeeper-11,13,37,35,1/5/2015,1/8/2016,151-200,Closed,,
1/21/2015,200,,368,366-547,Litigation Section,Breach of Contract,State,teamlead,Tim Sull,Plaintiff,Judge 316,TX,Maverick,Clint v. Dempsey,Firm-5,Partner,Timekeeper-19,L160,Bosh Rose,Timekeeper-11,13,38,80,1/5/2015,1/8/2016,151-200,Closed,,
1/23/2015,175,,368,366-547,Litigation Section,Breach of Contract,State,teamlead,Tim Sull,Plaintiff,Judge 317,TX,Maverick,Clint v. Dempsey,Firm-5,Partner,Timekeeper-12,L160,Bosh Rose,Timekeeper-11,13,40,35,1/5/2015,1/8/2016,151-200,Closed,,
1/26/2015,175,,368,366-547,Litigation Section,Breach of Contract,State,teamlead,Tim Sull,Plaintiff,Judge 318,TX,Maverick,Clint v. Dempsey,Firm-5,Partner,Timekeeper-12,L160,Bosh Rose,Timekeeper-11,13,43,35,1/5/2015,1/8/2016,151-200,Closed,,
1/26/2015,175,,368,366-547,Litigation Section,Breach of Contract,State,teamlead,Tim Sull,Plaintiff,Judge 319,TX,Maverick,Clint v. Dempsey,Firm-5,Partner,Timekeeper-13,L160,Bosh Rose,Timekeeper-11,13,41,52.5,1/5/2015,1/8/2016,151-200,Closed,,
1/26/2015,175,,368,366-547,Litigation Section,Breach of Contract,State,teamlead,Tim Sull,Plaintiff,Judge 320,TX,Maverick,Clint v. Dempsey,Firm-5,Partner,Timekeeper-13,L160,Bosh Rose,Timekeeper-11,13,42,35,1/5/2015,1/8/2016,151-200,Closed,1,More than 76% of this person's tasks are .1 and .2
1/27/2015,175,,368,366-547,Litigation Section,Breach of Contract,State,teamlead,Tim Sull,Plaintiff,Judge 321,TX,Maverick,Clint v. Dempsey,Firm-5,Partner,Timekeeper-13,L140,Bosh Rose,Timekeeper-11,13,45,52.5,1/5/2015,1/8/2016,151-200,Closed,,
1/27/2015,175,,368,366-547,Litigation Section,Breach of Contract,State,teamlead,Tim Sull,Plaintiff,Judge 322,TX,Maverick,Clint v. Dempsey,Firm-5,Partner,Timekeeper-13,L160,Bosh Rose,Timekeeper-11,13,44,17.5,1/5/2015,1/8/2016,151-200,Closed,1,More than 76% of this person's tasks are .1 and .2
1/28/2015,175,,368,366-547,Litigation Section,Breach of Contract,State,teamlead,Tim Sull,Plaintiff,Judge 323,TX,Maverick,Clint v. Dempsey,Firm-5,Partner,Timekeeper-13,L310,Bosh Rose,Timekeeper-11,13,47,35,1/5/2015,1/8/2016,151-200,Closed,1,More than 76% of this person's tasks are .1 and .2
1/28/2015,200,,368,366-547,Litigation Section,Breach of Contract,State,teamlead,Tim Sull,Plaintiff,Judge 324,TX,Maverick,Clint v. Dempsey,Firm-5,Partner,Timekeeper-11,L320,Bosh Rose,Timekeeper-11,13,46,20,1/5/2015,1/8/2016,151-200,Closed,,
1/29/2015,175,,368,366-547,Litigation Section,Breach of Contract,State,teamlead,Tim Sull,Plaintiff,Judge 325,TX,Maverick,Clint v. Dempsey,Firm-5,Partner,Timekeeper-13,L110,Bosh Rose,Timekeeper-11,13,53,297.5,1/5/2015,1/8/2016,151-200,Closed,,
1/29/2015,175,,368,366-547,Litigation Section,Breach of Contract,State,teamlead,Tim Sull,Plaintiff,Judge 326,TX,Maverick,Clint v. Dempsey,Firm-5,Partner,Timekeeper-13,L140,Bosh Rose,Timekeeper-11,13,52,262.5,1/5/2015,1/8/2016,151-200,Closed,,
1/29/2015,175,,368,366-547,Litigation Section,Breach of Contract,State,teamlead,King Jorge,Plaintiff,Judge 327,TX,Maverick,Clint v. Dempsey,Firm-5,Partner,Timekeeper-13,L310,Bosh Rose,Timekeeper-11,13,51,35,1/5/2015,1/8/2016,151-200,Closed,1,More than 76% of this person's tasks are .1 and .2
1/29/2015,200,,368,366-547,Litigation Section,Breach of Contract,State,teamlead,King Jorge,Plaintiff,Judge 328,TX,Maverick,Clint v. Dempsey,Firm-5,Partner,Timekeeper-11,L310,Bosh Rose,Timekeeper-11,13,49,80,1/5/2015,1/8/2016,151-200,Closed,,
1/29/2015,200,,368,366-547,Litigation Section,Breach of Contract,State,teamlead,King Jorge,Plaintiff,Judge 329,TX,Maverick,Clint v. Dempsey,Firm-5,Partner,Timekeeper-11,L310,Bosh Rose,Timekeeper-11,13,50,120,1/5/2015,1/8/2016,151-200,Closed,,
1/29/2015,200,,368,366-547,Litigation Section,Breach of Contract,State,teamlead,King Jorge,Plaintiff,Judge 330,TX,Maverick,Clint v. Dempsey,Firm-5,Partner,Timekeeper-11,L320,Bosh Rose,Timekeeper-11,13,48,120,1/5/2015,1/8/2016,151-200,Closed,,
1/30/2015,175,,368,366-547,Litigation Section,Breach of Contract,State,teamlead,King Jorge,Plaintiff,Judge 331,TX,Maverick,Clint v. Dempsey,Firm-5,Partner,Timekeeper-13,L310,Bosh Rose,Timekeeper-11,13,54,35,1/5/2015,1/8/2016,151-200,Closed,1,More than 76% of this person's tasks are .1 and .2
1/30/2015,175,,368,366-547,Litigation Section,Breach of Contract,State,teamlead,King Jorge,Plaintiff,Judge 332,TX,Maverick,Clint v. Dempsey,Firm-5,Partner,Timekeeper-13,L310,Bosh Rose,Timekeeper-11,13,55,17.5,1/5/2015,1/8/2016,151-200,Closed,1,More than 76% of this person's tasks are .1 and .2
10/31/2016,100,,368,366-547,Litigation Section,Breach of Contract,State,Zine Zid,Mou Jose,Plaintiff,Leo Singh,TX,Webb,Rooney v. Ibra,Firm-6,Legal Assistant,Rashford,L310,Hermain Dofou,Jam Vardy,19,1,1000,1/5/2015,12/31/2016,151-200,Closed,1,Copying not allowed expense per State Farm Guidelines
9/15/2016,123,,186,181-365,Litigation Section,Breach of Contract,State,Zine Zid,Mou Jose,Plaintiff,Leo Singh,TX,Hidalgo,Rooney v. Ibra,Firm-6,Legal Assistant,Valencia,L160,Hermain Dofou,Jam Vardy,19,2,1476,1/5/2015,12/31/2016,151-200,Closed,1,More than 76% of this person's tasks are .1 and .2
9/21/2016,133,,136,91-180,Litigation Section,Breach of Contract,State,Zine Zid,Pep Gau,Plaintiff,Leo Singh,TX,Webb,Rooney v. Ibra,Firm-6,Partner,David,L160,Hermain Dofou,Jam Vardy,19,3,399,1/5/2015,12/31/2016,151-200,Closed,,
6/21/2016,100,,287,181-365,Litigation Section,Breach of Contract,State,Zine Zid,Pep Gau,Plaintiff,Leo Singh,TX,Hidalgo,Rooney v. Ibra,Firm-7,Partner,David,L160,Hermain Dofou,Ri Mahruz,20,1,1200,1/5/2015,12/31/2016,101-150,Closed,,
8/11/2016,123,,186,181-365,Litigation Section,Breach of Contract,State,Zine Zid,Arsen We,Plaintiff,Leo Singh,TX,Maverick,Rooney v. Ibra,Firm-7,Associate,Valencia,L160,Hermain Dofou,Ri Mahruz,20,2,11070,1/5/2015,12/31/2016,101-150,Closed,1,Duplicate submission
4/21/2016,133,,136,91-180,Litigation Section,Breach of Contract,State,Zine Zid,Arsen We,Plaintiff,Leo Singh,TX,Maverick,Rooney v. Ibra,Firm7,Associate,Rashford,L160,Hermain Dofou,Ri Mahruz,20,3,4123,1/5/2015,12/31/2016,101-150,Closed,1,Printing not allowed expense per State Farm Guidelines
